{"gradients/layers.0.bias":{"_type":"histogram","values":[1,0,0,0,0,1,1,0,0,0,0,0,0,0,1,1,2,2,1,2,0,2,2,2,0,1,3,3,2,0,4,3,3,1,1,2,2,2,0,3,0,2,1,3,0,1,1,0,0,2,0,1,0,0,1,1,1,1,0,0,0,0,0,1],"bins":[-2.4961698e+07,-2.4091886e+07,-2.3222076e+07,-2.2352264e+07,-2.1482454e+07,-2.0612642e+07,-1.9742832e+07,-1.887302e+07,-1.8003208e+07,-1.7133398e+07,-1.6263587e+07,-1.5393776e+07,-1.4523964e+07,-1.3654153e+07,-1.2784342e+07,-1.1914531e+07,-1.104472e+07,-1.0174909e+07,-9.305098e+06,-8.435287e+06,-7.5654755e+06,-6.6956645e+06,-5.825853e+06,-4.956042e+06,-4.086231e+06,-3.21642e+06,-2.34660875e+06,-1.476797625e+06,-606986.5,262824.625,1.13263575e+06,2.002446875e+06,2.872256e+06,3.742067e+06,4.611878e+06,5.4816895e+06,6.3515005e+06,7.2213115e+06,8.091123e+06,8.960934e+06,9.830745e+06,1.0700556e+07,1.1570367e+07,1.2440178e+07,1.330999e+07,1.4179801e+07,1.5049612e+07,1.5919423e+07,1.6789234e+07,1.7659046e+07,1.8528856e+07,1.9398668e+07,2.0268478e+07,2.113829e+07,2.20081e+07,2.2877912e+07,2.3747724e+07,2.4617534e+07,2.5487346e+07,2.6357156e+07,2.7226968e+07,2.8096778e+07,2.896659e+07,2.98364e+07,3.0706212e+07]},"val/val_comp_2":207.27220153808594,"_wandb":{"runtime":14},"train/physics_comp_2":209.4158477783203,"gradients/layers.2.bias":{"values":[1,1,0,1,1,1,1,0,0,0,2,1,1,0,1,1,0,1,1,1,2,1,1,0,1,1,0,1,2,0,1,3,2,2,5,2,0,0,1,1,0,1,0,2,0,0,0,2,2,0,2,0,0,3,0,1,0,3,0,3,0,1,1,2],"bins":[-2.5538542e+07,-2.4754566e+07,-2.3970588e+07,-2.3186612e+07,-2.2402636e+07,-2.1618658e+07,-2.0834682e+07,-2.0050704e+07,-1.9266728e+07,-1.8482752e+07,-1.7698774e+07,-1.6914798e+07,-1.6130821e+07,-1.5346844e+07,-1.4562868e+07,-1.3778891e+07,-1.2994914e+07,-1.2210937e+07,-1.142696e+07,-1.0642984e+07,-9.859007e+06,-9.07503e+06,-8.2910535e+06,-7.507077e+06,-6.7231e+06,-5.939123e+06,-5.1551465e+06,-4.37117e+06,-3.587193e+06,-2.80321625e+06,-2.0192395e+06,-1.23526275e+06,-451284,332692.75,1.1166695e+06,1.90064625e+06,2.684623e+06,3.46859975e+06,4.2525765e+06,5.036553e+06,5.82053e+06,6.604507e+06,7.3884835e+06,8.17246e+06,8.956437e+06,9.740414e+06,1.052439e+07,1.1308367e+07,1.2092344e+07,1.2876321e+07,1.3660298e+07,1.4444274e+07,1.5228251e+07,1.6012228e+07,1.6796204e+07,1.7580182e+07,1.8364158e+07,1.9148134e+07,1.9932112e+07,2.0716088e+07,2.1500064e+07,2.2284042e+07,2.3068018e+07,2.3851996e+07,2.4635972e+07],"_type":"histogram"},"gradients/layers.1.weight":{"values":[1,0,0,2,0,1,1,2,0,2,7,2,4,2,8,10,11,16,13,21,19,27,25,41,67,60,83,93,139,179,266,405,563,579,384,261,180,124,98,78,62,46,44,30,25,24,16,15,12,10,10,3,2,6,5,1,2,2,3,0,2,1,0,1],"bins":[-8.01844e+06,-7.775067e+06,-7.531694e+06,-7.2883215e+06,-7.0449485e+06,-6.8015755e+06,-6.5582025e+06,-6.3148295e+06,-6.071457e+06,-5.828084e+06,-5.584711e+06,-5.341338e+06,-5.097965e+06,-4.854592e+06,-4.6112195e+06,-4.3678465e+06,-4.1244735e+06,-3.8811005e+06,-3.63772775e+06,-3.39435475e+06,-3.150982e+06,-2.907609e+06,-2.664236e+06,-2.42086325e+06,-2.17749025e+06,-1.934117375e+06,-1.6907445e+06,-1.4473715e+06,-1.203998625e+06,-960625.75,-717252.8125,-473879.90625,-230506.5,12866.40625,256239.3125,499612.21875,742985.125,986358,1.229731e+06,1.473103875e+06,1.71647675e+06,1.959849625e+06,2.2032225e+06,2.4465955e+06,2.6899685e+06,2.93334125e+06,3.17671425e+06,3.420087e+06,3.66346e+06,3.906833e+06,4.15020575e+06,4.3935785e+06,4.6369515e+06,4.8803245e+06,5.1236975e+06,5.3670705e+06,5.610443e+06,5.853816e+06,6.097189e+06,6.340562e+06,6.583935e+06,6.827308e+06,7.0706805e+06,7.3140535e+06,7.5574265e+06],"_type":"histogram"},"gradients/layers.0.weight":{"_type":"histogram","values":[1,0,1,0,0,1,0,2,1,0,0,0,0,0,1,2,3,3,4,3,2,4,3,3,2,3,6,5,4,0,8,5,7,2,3,4,5,2,3,2,3,4,4,2,1,1,2,2,2,1,1,0,2,1,2,1,1,1,0,0,1,0,0,1],"bins":[-2.21479e+07,-2.1377562e+07,-2.0607224e+07,-1.9836888e+07,-1.906655e+07,-1.8296212e+07,-1.7525874e+07,-1.6755537e+07,-1.59852e+07,-1.5214862e+07,-1.4444524e+07,-1.3674187e+07,-1.2903849e+07,-1.2133512e+07,-1.1363174e+07,-1.0592837e+07,-9.822499e+06,-9.052161e+06,-8.281824e+06,-7.5114865e+06,-6.741149e+06,-5.970811e+06,-5.2004735e+06,-4.430136e+06,-3.6597985e+06,-2.889461e+06,-2.1191235e+06,-1.34878575e+06,-578448.25,191889.3125,962226.875,1.7325645e+06,2.502902e+06,3.2732395e+06,4.043577e+06,4.8139145e+06,5.584252e+06,6.35459e+06,7.1249275e+06,7.895265e+06,8.665602e+06,9.43594e+06,1.0206278e+07,1.0976615e+07,1.1746953e+07,1.251729e+07,1.3287628e+07,1.4057965e+07,1.4828303e+07,1.5598641e+07,1.6368978e+07,1.7139316e+07,1.7909654e+07,1.867999e+07,1.9450328e+07,2.0220666e+07,2.0991004e+07,2.1761342e+07,2.2531678e+07,2.3302016e+07,2.4072354e+07,2.4842692e+07,2.5613028e+07,2.6383366e+07,2.7153704e+07]},"val/val_comp_1":207.27220153808594,"val/physics_loss":77412.625,"gradients/layers.2.weight":{"bins":[-6.7905525e+06,-6.5745645e+06,-6.3585765e+06,-6.1425885e+06,-5.9266005e+06,-5.7106125e+06,-5.4946245e+06,-5.2786365e+06,-5.062649e+06,-4.846661e+06,-4.630673e+06,-4.414685e+06,-4.198697e+06,-3.982709e+06,-3.766721e+06,-3.550733e+06,-3.334745e+06,-3.118757e+06,-2.902769e+06,-2.686781e+06,-2.470793e+06,-2.25480525e+06,-2.03881725e+06,-1.82282925e+06,-1.60684125e+06,-1.39085325e+06,-1.17486525e+06,-958877.375,-742889.375,-526901.375,-310913.4375,-94925.46875,121063,337050.96875,553038.9375,769026.875,985014.875,1.201002875e+06,1.41699075e+06,1.63297875e+06,1.84896675e+06,2.06495475e+06,2.28094275e+06,2.49693075e+06,2.7129185e+06,2.9289065e+06,3.1448945e+06,3.3608825e+06,3.5768705e+06,3.7928585e+06,4.0088465e+06,4.2248345e+06,4.4408225e+06,4.6568105e+06,4.8727985e+06,5.0887865e+06,5.304774e+06,5.520762e+06,5.73675e+06,5.952738e+06,6.168726e+06,6.384714e+06,6.600702e+06,6.81669e+06,7.032678e+06],"_type":"histogram","values":[2,2,0,1,3,4,6,3,5,5,6,6,4,9,16,17,23,24,32,31,44,45,67,60,81,101,102,134,152,212,411,926,373,223,156,123,96,86,73,68,70,47,51,26,36,26,21,20,18,9,4,5,6,4,5,2,2,6,2,1,1,0,1,1]},"val/data_loss":2.718107e+07,"_runtime":14,"gradients/layers.1.bias":{"bins":[-2.4314076e+07,-2.3573644e+07,-2.283321e+07,-2.2092778e+07,-2.1352346e+07,-2.0611912e+07,-1.987148e+07,-1.9131048e+07,-1.8390616e+07,-1.7650182e+07,-1.690975e+07,-1.6169317e+07,-1.5428884e+07,-1.4688452e+07,-1.3948019e+07,-1.3207587e+07,-1.2467154e+07,-1.1726721e+07,-1.0986289e+07,-1.0245856e+07,-9.505424e+06,-8.764991e+06,-8.024558e+06,-7.2841255e+06,-6.543693e+06,-5.8032605e+06,-5.062828e+06,-4.322395e+06,-3.5819625e+06,-2.84153e+06,-2.10109725e+06,-1.360664625e+06,-620232,120200.625,860633.25,1.601065875e+06,2.3414985e+06,3.081931e+06,3.82236375e+06,4.5627965e+06,5.303229e+06,6.0436615e+06,6.784094e+06,7.524527e+06,8.2649595e+06,9.005392e+06,9.745825e+06,1.0486257e+07,1.122669e+07,1.1967123e+07,1.2707555e+07,1.3447988e+07,1.418842e+07,1.4928853e+07,1.5669286e+07,1.6409718e+07,1.7150152e+07,1.7890584e+07,1.8631016e+07,1.9371448e+07,2.0111882e+07,2.0852314e+07,2.1592746e+07,2.233318e+07,2.3073612e+07],"_type":"histogram","values":[1,0,0,2,0,0,0,0,0,0,1,0,1,0,0,3,2,0,3,1,0,2,2,0,2,1,1,3,0,2,5,0,0,2,2,2,2,1,3,0,2,2,3,0,2,1,0,1,2,0,2,0,0,1,2,0,0,0,0,0,1,0,0,1]},"_step":3000,"val/total":2.7955195e+06,"gradients/out.weight":{"values":[1,0,0,0,0,1,0,1,1,1,0,0,0,1,0,0,0,2,1,0,1,1,0,2,3,1,1,2,1,2,5,7,122,8,1,2,2,1,2,1,1,0,2,0,1,2,1,2,1,2,2,0,0,1,0,0,0,1,0,0,0,0,1,1],