{"gradients/main_layers.3.bias":{"_type":"histogram","values":[1,0,0,0,0,0,0,0,0,0,0,1,0,0,0,0,1,0,0,0,0,0,0,0,0,0,0,0,0,1,0,3,0,0,0,1,1,1,1,1,4,4,0,5,6,3,1,4,2,4,2,1,2,2,1,2,2,2,0,1,2,1,0,1],"bins":[-0.0014216401614248753,-0.0013899196637794375,-0.0013581991661339998,-0.001326478668488562,-0.0012947581708431244,-0.0012630376731976867,-0.0012313170591369271,-0.0011995965614914894,-0.0011678760638460517,-0.001136155566200614,-0.0011044350685551763,-0.0010727145709097385,-0.0010409940732643008,-0.001009273575618863,-0.0009775530779734254,-0.0009458325221203268,-0.000914112024474889,-0.0008823915268294513,-0.0008506710291840136,-0.000818950473330915,-0.0007872299756854773,-0.0007555094780400395,-0.0007237889803946018,-0.0006920684827491641,-0.0006603479851037264,-0.0006286274292506278,-0.00059690693160519,-0.0005651864339597523,-0.0005334659363143146,-0.0005017454386688769,-0.0004700249119196087,-0.00043830438517034054,-0.0004065838875249028,-0.0003748633898794651,-0.00034314286313019693,-0.0003114223654847592,-0.00027970183873549104,-0.0002479813410900533,-0.0002162608434446156,-0.00018454033124726266,-0.0001528198190499097,-0.00012109930685255677,-8.937880193116143e-05,-5.7658293371787295e-05,-2.5937784812413156e-05,5.782723746960983e-06,3.750323230633512e-05,6.922373722773045e-05,0.0001009442494250834,0.00013266476162243634,0.0001643852738197893,0.000196105771465227,0.00022782628366257995,0.0002595467958599329,0.0002912672935053706,0.0003229878202546388,0.0003547083179000765,0.0003864288155455142,0.0004181493422947824,0.0004498698399402201,0.00048159033758565784,0.0005133108352310956,0.0005450313910841942,0.0005767518887296319,0.0006084723863750696]},"val/comp_P_bh":0.0008371134754270315,"train/total":0.0033713867887854576,"gradients/main_layers.1.weight":{"bins":[-0.000747868325561285,-0.0007246570312418044,-0.0007014457369223237,-0.0006782343843951821,-0.0006550230900757015,-0.0006318117957562208,-0.0006086004432290792,-0.0005853891489095986,-0.0005621778545901179,-0.0005389665602706373,-0.0005157552659511566,-0.000492543913424015,-0.0004693326191045344,-0.00044612132478505373,-0.0004229100013617426,-0.0003996986779384315,-0.00037648738361895084,-0.0003532760892994702,-0.00033006476587615907,-0.00030685344245284796,-0.0002836421481333673,-0.00026043085381388664,-0.00023721953039057553,-0.00021400822151917964,-0.00019079691264778376,-0.00016758560377638787,-0.00014437429490499198,-0.0001211629860335961,-9.795167716220021e-05,-7.474036829080433e-05,-5.152905941940844e-05,-2.8317750548012555e-05,-5.106441676616669e-06,1.8104867194779217e-05,4.13161760661751e-05,6.452748493757099e-05,8.773879380896688e-05,0.00011095010268036276,0.00013416141155175865,0.00015737272042315453,0.00018058402929455042,0.0002037953381659463,0.0002270066470373422,0.0002502179704606533,0.00027342926478013396,0.0002966405590996146,0.00031985188252292573,0.00034306320594623685,0.0003662745002657175,0.00038948579458519816,0.0004126971180085093,0.0004359084414318204,0.00045911973575130105,0.0004823310300707817,0.0005055423825979233,0.0005287536769174039,0.0005519649712368846,0.0005751762655563653,0.0005983875598758459,0.0006215989124029875,0.0006448102067224681,0.0006680215010419488,0.0006912328535690904,0.000714444147888571,0.0007376554422080517],"_type":"histogram","values":[1,0,5,0,2,2,1,3,6,1,5,9,7,7,7,16,7,24,23,24,46,34,55,59,89,72,117,182,201,271,342,361,400,350,301,215,151,144,105,82,69,61,52,33,30,31,19,9,13,6,11,12,1,3,5,2,2,4,1,1,2,0,0,2]},"val/total":0.0029220113065093756,"gradients/output_layer.weight":{"values":[1,0,1,0,0,1,1,0,0,0,0,1,1,5,2,5,1,2,1,2,5,0,1,3,6,2,4,4,5,8,12,11,9,13,9,11,8,10,2,5,3,6,2,0,1,6,1,3,1,1,1,2,1,4,3,1,1,1,0,0,0,0,1,1],"bins":[-0.005182834342122078,-0.005029330030083656,-0.004875825718045235,-0.004722320940345526,-0.004568816628307104,-0.0044153123162686825,-0.0042618075385689735,-0.004108303226530552,-0.00395479891449213,-0.0038012946024537086,-0.0036477900575846434,-0.003494285512715578,-0.0033407812006771564,-0.003187276888638735,-0.0030337723437696695,-0.0028802677989006042,-0.0027267634868621826,-0.002573259174823761,-0.0024197546299546957,-0.0022662500850856304,-0.002112745773047209,-0.001959241461008787,-0.0018057369161397219,-0.0016522324876859784,-0.001498728059232235,-0.0013452236307784915,-0.001191719202324748,-0.0010382147738710046,-0.0008847103454172611,-0.0007312059169635177,-0.0005777014885097742,-0.00042419706005603075,-0.000270692165941,-0.00011718773748725653,3.631669096648693e-05,0.0001898211194202304,0.00034332554787397385,0.0004968299763277173,0.0006503344047814608,0.0008038388332352042,0.0009573432616889477,0.0011108476901426911,0.0012643521185964346,0.001417856547050178,0.0015713609755039215,0.001724865403957665,0.0018783698324114084,0.0020318743772804737,0.0021853786893188953,0.002338883001357317,0.0024923875462263823,0.0026458920910954475,0.002799396403133869,0.002952900715172291,0.003106405260041356,0.0032599098049104214,0.003413414116948843,0.0035669184289872646,0.00372042297385633,0.003873927518725395,0.004027431830763817,0.0041809361428022385,0.00433444045484066,0.004487945232540369,0.004641449544578791],"_type":"histogram"},"gradients/main_layers.1.bias":{"bins":[-0.001096568419598043,-0.0010672638891264796,-0.0010379593586549163,-0.001008654828183353,-0.0009793502977117896,-0.0009500457672402263,-0.000920741178561002,-0.0008914366480894387,-0.0008621321176178753,-0.000832827587146312,-0.0008035230566747487,-0.0007742185262031853,-0.000744913995731622,-0.0007156094652600586,-0.0006863049347884953,-0.000657000404316932,-0.0006276958156377077,-0.0005983912851661444,-0.000569086754694581,-0.0005397822242230177,-0.0005104776937514544,-0.000481173163279891,-0.0004518686328083277,-0.00042256410233676434,-0.000393259571865201,-0.0003639550122898072,-0.00033465048181824386,-0.0003053459513466805,-0.0002760414208751172,-0.00024673689040355384,-0.00021743234538007528,-0.0001881278003565967,-0.00015882326988503337,-0.00012951873941347003,-0.00010021419438999146,-7.090966391842812e-05,-4.160512617090717e-05,-1.230059024237562e-05,1.700394568615593e-05,4.6308479795698076e-05,7.561301754321903e-05,0.00010491755529073998,0.00013422209303826094,0.00016352662350982428,0.00019283115398138762,0.00022213569900486618,0.00025144024402834475,0.0002807447744999081,0.00031004930497147143,0.00033935383544303477,0.0003686583659145981,0.0003979629254899919,0.00042726745596155524,0.0004565719864331186,0.0004858765169046819,0.0005151810473762453,0.0005444855778478086,0.0005737901083193719,0.0006030946387909353,0.0006323992274701595,0.0006617037579417229,0.0006910082884132862,0.0007203128188848495,0.0007496173493564129,0.0007789218798279762],"_type":"histogram","values":[1,0,0,0,0,0,0,1,0,0,0,0,0,0,0,1,0,2,0,0,0,2,0,0,2,2,0,1,2,2,0,2,4,3,1,1,2,4,0,5,3,0,1,3,3,1,2,2,1,0,2,3,1,0,0,1,0,0,1,0,1,0,0,1]},"gradients/main_layers.2.weight":{"_type":"histogram","values":[1,0,0,0,0,0,0,0,2,0,5,0,3,0,3,1,4,3,3,7,12,10,17,30,41,52,55,84,124,170,244,511,832,750,377,224,143,88,87,50,22,28,25,19,15,6,4,13,3,5,7,2,4,1,4,1,3,0,0,0,0,0,0,1],