{"_step":20000,"val/total":0.0001962704845936969,"gradients/graph_1main_layers.1.bias":{"values":[1,0,0,1,1,0,0,0,2,0,0,0,2,1,1,1,4,1,0,0,0,2,4,2,1,3,1,2,2,3,2,1,1,3,2,0,0,1,1,3,0,3,1,1,0,2,1,1,1,1,0,0,2,0,1,0,0,0,0,0,0,0,0,1],"bins":[-0.0002471235056873411,-0.00023906286514829844,-0.00023100223916117102,-0.00022294159862212837,-0.00021488097263500094,-0.0002068203320959583,-0.00019875969155691564,-0.00019069906556978822,-0.00018263842503074557,-0.00017457778449170291,-0.0001665171585045755,-0.00015845651796553284,-0.0001503958774264902,-0.00014233525143936276,-0.0001342746109003201,-0.0001262139849131927,-0.00011815334437415004,-0.000110092711111065,-0.00010203207784797996,-9.397143730893731e-05,-8.591080404585227e-05,-7.785017078276724e-05,-6.978953024372458e-05,-6.172889698063955e-05,-5.366826371755451e-05,-4.560763045446947e-05,-3.754699355340563e-05,-2.9486358471331187e-05,-2.1425723389256746e-05,-1.3365088307182305e-05,-5.3044532251078635e-06,2.7561818569665775e-06,1.0816846042871475e-05,1.8877481124945916e-05,2.6938116207020357e-05,3.49987531080842e-05,4.305938637116924e-05,5.112001963425428e-05,5.918065653531812e-05,6.724129343638197e-05,7.5301926699467e-05,8.336255996255204e-05,9.142319322563708e-05,9.948383376467973e-05,0.00010754446702776477,0.0001156051002908498,0.00012366574082989246,0.00013172636681701988,0.00013978700735606253,0.00014784764789510518,0.0001559082738822326,0.00016396891442127526,0.00017202954040840268,0.00018009018094744533,0.00018815082148648798,0.0001962114474736154,0.00020427208801265806,0.0002123327285517007,0.00022039335453882813,0.00022845399507787079,0.00023651463561691344,0.00024457526160404086,0.0002526358875911683,0.00026069654268212616,0.0002687571686692536],"_type":"histogram"},"gradients/graph_1main_layers.2.bias":{"values":[2,0,0,0,0,1,1,1,0,0,0,0,2,1,1,0,0,2,2,0,0,2,1,1,3,0,1,4,1,2,0,1,2,0,2,2,2,3,2,2,0,1,4,1,1,1,0,0,3,0,0,1,1,2,0,1,0,1,0,1,0,0,1,1],"bins":[-0.0001999691012315452,-0.00019333258387632668,-0.00018669608107302338,-0.00018005957826972008,-0.00017342306091450155,-0.00016678654355928302,-0.00016015004075597972,-0.00015351353795267642,-0.00014687702059745789,-0.00014024050324223936,-0.00013360400043893605,-0.00012696749763563275,-0.00012033098028041422,-0.00011369447020115331,-0.00010705796012189239,-0.00010042145004263148,-9.378493996337056e-05,-8.714842988410965e-05,-8.051191980484873e-05,-7.387540972558782e-05,-6.72388996463269e-05,-6.0602389567065984e-05,-5.396587948780507e-05,-4.732936940854415e-05,-4.069285932928324e-05,-3.405634925002232e-05,-2.7419839170761406e-05,-2.078332909150049e-05,-1.4146819012239575e-05,-7.51030893297866e-06,-8.737988537177444e-07,5.762711225543171e-06,1.2399221304804087e-05,1.9035731384065002e-05,2.5672241463325918e-05,3.230875154258683e-05,3.894526162184775e-05,4.5581771701108664e-05,5.221828178036958e-05,5.8854791859630495e-05,6.549130193889141e-05,7.212781201815233e-05,7.876432209741324e-05,8.540083217667416e-05,9.203734225593507e-05,9.867385233519599e-05,0.0001053103624144569,0.00011194687249371782,0.00011858338257297873,0.00012521989992819726,0.00013185640273150057,0.00013849290553480387,0.0001451294228900224,0.00015176594024524093,0.00015840244304854423,0.00016503894585184753,0.00017167546320706606,0.0001783119805622846,0.0001849484833655879,0.0001915849861688912,0.00019822150352410972,0.00020485802087932825,0.00021149452368263155,0.00021813102648593485,0.00022476754384115338],"_type":"histogram"},"gradients/graph_1main_layers.0.weight":{"values":[1,0,0,0,1,0,0,0,1,1,0,0,2,1,0,0,0,0,0,2,7,4,6,6,2,3,9,4,7,16,10,15,12,16,19,26,17,18,15,21,8,7,7,6,5,8,5,8,7,5,3,2,0,0,3,1,0,2,0,0,0,0,0,1],"bins":[-0.0006378726102411747,-0.0006199714262038469,-0.0006020702421665192,-0.0005841691163368523,-0.0005662679322995245,-0.0005483667482621968,-0.0005304656224325299,-0.0005125644383952022,-0.0004946632543578744,-0.0004767620703205466,-0.0004588609153870493,-0.000440959760453552,-0.00042305857641622424,-0.0004051573923788965,-0.00038725623744539917,-0.00036935508251190186,-0.0003514538984745741,-0.0003335527144372463,-0.000315651559503749,-0.0002977504045702517,-0.00027984922053292394,-0.00026194803649559617,-0.00024404688156209886,-0.00022614571207668632,-0.00020824454259127378,-0.00019034337310586125,-0.0001724422036204487,-0.00015454103413503617,-0.00013663986464962363,-0.0001187386951642111,-0.00010083752567879856,-8.293635619338602e-05,-6.503518670797348e-05,-4.713401722256094e-05,-2.9232847737148404e-05,-1.1331678251735866e-05,6.569491233676672e-06,2.447066071908921e-05,4.237183020450175e-05,6.0272999689914286e-05,7.817416917532682e-05,9.607533866073936e-05,0.0001139765081461519,0.00013187767763156444,0.00014977884711697698,0.00016768001660238951,0.00018558118608780205,0.0002034823555732146,0.00022138352505862713,0.00023928469454403967,0.0002571858640294522,0.0002750870189629495,0.0002929882030002773,0.00031088938703760505,0.00032879054197110236,0.00034669169690459967,0.00036459288094192743,0.0003824940649792552,0.0004003952199127525,0.0004182963748462498,0.0004361975588835776,0.00045409874292090535,0.00047199989785440266,0.0004899010527879,0.0005078022368252277],"_type":"histogram"},"train/total":3.376108725205995e-05,"gradients/graph_1main_layers.1.weight":{"_type":"histogram","values":[1,0,1,0,0,0,0,0,0,0,1,2,2,3,4,2,6,6,9,15,16,30,37,49,54,81,121,184,205,329,475,572,533,366,277,186,153,98,70,53,40,33,22,14,13,6,4,7,3,2,4,2,2,0,1,0,0,0,0,0,1,0,0,1],"bins":[-0.00027934234822168946,-0.00027055348618887365,-0.00026176462415605783,-0.00025297573301941156,-0.00024418687098659575,-0.00023539800895377994,-0.0002266091323690489,-0.00021782025578431785,-0.00020903139375150204,-0.00020024253171868622,-0.00019145365513395518,-0.00018266477854922414,-0.00017387591651640832,-0.0001650870544835925,-0.00015629817789886147,-0.00014750930131413043,-0.0001387204392813146,-0.0001299315772484988,-0.00012114270066376776,-0.00011235383135499433,-0.0001035649620462209,-9.477609273744747e-05,-8.598722342867404e-05,-7.719835411990061e-05,-6.840948481112719e-05,-5.962061550235376e-05,-5.083174619358033e-05,-4.20428768848069e-05,-3.325400757603347e-05,-2.4465138267260045e-05,-1.5676268958486617e-05,-6.887399649713188e-06,1.9014987628906965e-06,1.0690368071664125e-05,1.9479237380437553e-05,2.826810668921098e-05,3.705697599798441e-05,4.584584530675784e-05,5.4634714615531266e-05,6.34235839243047e-05,7.221245323307812e-05,8.100132254185155e-05,8.979019185062498e-05,9.85790611593984e-05,0.00010736793046817183,0.00011615679977694526,0.0001249456690857187,0.00013373454567044973,0.00014252340770326555,0.00015131226973608136,0.0001601011463208124,0.00016889002290554345,0.00017767888493835926,0.00018646774697117507,0.00019525662355590612,0.00020404550014063716,0.00021283436217345297,0.0002216232242062688,0.00023041210079099983,0.00023920097737573087,0.0002479898394085467,0.0002567787014413625,0.0002655675634741783,0.0002743564546108246,0.0002831453166436404]},"_wandb":{"runtime":620},"gradients/graph_1output_layer.weight":{"values":[1,0,0,0,0,0,0,0,0,0,0,1,1,1,0,2,2,1,2,0,1,4,1,5,1,4,4,2,3,9,3,6,7,12,14,12,14,14,23,13,10,14,9,8,5,3,5,5,5,3,3,3,4,2,1,1,3,3,0,1,1,1,1,2],