{"train/physics":0.5663020014762878,"gradients/layers.2.weight":{"bins":[-19.727895736694336,-19.142480850219727,-18.55706787109375,-17.97165298461914,-17.38623809814453,-16.800823211669922,-16.215408325195312,-15.629995346069336,-15.044580459594727,-14.459165573120117,-13.873751640319824,-13.288337707519531,-12.702922821044922,-12.117507934570312,-11.53209400177002,-10.946680068969727,-10.361265182495117,-9.775850296020508,-9.190436363220215,-8.605022430419922,-8.019607543945312,-7.434193134307861,-6.84877872467041,-6.263364315032959,-5.677949905395508,-5.092535495758057,-4.5071210861206055,-3.9217066764831543,-3.336292266845703,-2.750877857208252,-2.165463447570801,-1.5800490379333496,-0.9946327209472656,-0.40921831130981445,0.17619609832763672,0.7616105079650879,1.347024917602539,1.9324393272399902,2.5178537368774414,3.1032681465148926,3.6886825561523438,4.274096965789795,4.859511375427246,5.444925785064697,6.030340194702148,6.6157546043396,7.201169013977051,7.786583423614502,8.371997833251953,8.957412719726562,9.542826652526855,10.128240585327148,10.713655471801758,11.299070358276367,11.88448429107666,12.469898223876953,13.055313110351562,13.640727996826172,14.226141929626465,14.811555862426758,15.396970748901367,15.982385635375977,16.567798614501953,17.153213500976562,17.738628387451172],"_type":"histogram","values":[1,0,1,0,0,1,1,4,2,4,6,6,8,6,8,9,23,20,12,27,36,34,38,43,50,75,65,102,122,124,156,202,299,949,381,245,165,121,115,95,78,64,65,34,57,38,38,29,24,21,18,11,15,15,7,6,6,3,2,2,1,3,1,2]},"_wandb":{"runtime":104},"train/total":47.077064514160156,"gradients/out.bias":{"values":[1,0,0,0,1,0,0,0,0,0,0,0,0,0,0,0,0,0,0,0,0,0,0,0,0,0,0,0,0,0,0,0,0,0,0,0,0,0,0,0,0,0,0,0,0,0,0,0,0,0,0,0,0,0,0,0,0,0,0,0,0,0,0,1],"bins":[-25.14874839782715,-23.566001892089844,-21.98325538635254,-20.4005069732666,-18.817760467529297,-17.235013961791992,-15.652267456054688,-14.069519996643066,-12.486773490905762,-10.904026985168457,-9.321279525756836,-7.738533020019531,-6.155786037445068,-4.5730390548706055,-2.9902923107147217,-1.4075454473495483,0.175201416015625,1.7579482793807983,3.3406951427459717,4.9234418869018555,6.506188869476318,8.088935852050781,9.671682357788086,11.254429817199707,12.837176322937012,14.419922828674316,16.002670288085938,17.585416793823242,19.168163299560547,20.75090980529785,22.33365821838379,23.916404724121094,25.499149322509766,27.08189582824707,28.664642333984375,30.247390747070312,31.830137252807617,33.41288375854492,34.99563217163086,36.57837677001953,38.16112518310547,39.74386978149414,41.32661819458008,42.909366607666016,44.49211120605469,46.074859619140625,47.6576042175293,49.240352630615234,50.823097229003906,52.405845642089844,53.98859405517578,55.57133865356445,57.15408706665039,58.73683166503906,60.319580078125,61.90232849121094,63.48507308959961,65.06781768798828,66.65056610107422,68.23331451416016,69.8160629272461,71.39881134033203,72.98155212402344,74.56430053710938,76.14704895019531],"_type":"histogram"},"train/physics_comp_1":1.6132820844650269,"train/physics_comp_0":9.523013432044536e-06,"train/data":0.046510759741067886,"gradients/out.weight":{"_type":"histogram","values":[4,0,1,2,0,0,2,1,0,1,2,0,0,1,0,0,2,1,2,2,0,4,7,1,9,9,8,11,9,5,5,6,5,13,7,8,7,5,7,7,3,5,4,5,1,1,1,0,1,0,1,2,1,0,1,3,0,0,1,0,3,2,1,2],"bins":[-76.14375305175781,-73.76923370361328,-71.39471435546875,-69.02019500732422,-66.64567565917969,-64.27114868164062,-61.896629333496094,-59.52210998535156,-57.14759063720703,-54.7730712890625,-52.39855194091797,-50.02402877807617,-47.64950942993164,-45.27499008178711,-42.90046691894531,-40.52594757080078,-38.15142822265625,-35.77690887451172,-33.40238952636719,-31.02786636352539,-28.65334701538086,-26.278827667236328,-23.904306411743164,-21.52978515625,-19.15526580810547,-16.780746459960938,-14.406225204467773,-12.031704902648926,-9.657184600830078,-7.2826642990112305,-4.908143997192383,-2.533623695373535,-0.15911102294921875,2.215409278869629,4.589929580688477,6.964449882507324,9.338970184326172,11.71349048614502,14.088010787963867,16.46253204345703,18.837051391601562,21.211570739746094,23.586091995239258,25.960613250732422,28.335132598876953,30.709651947021484,33.08417510986328,35.45869445800781,37.833213806152344,40.207733154296875,42.582252502441406,44.9567756652832,47.331295013427734,49.705814361572266,52.08033752441406,54.454856872558594,56.829376220703125,59.203895568847656,61.57841491699219,63.952938079833984,66.32745361328125,68.70198059082031,71.07649993896484,73.45101928710938,75.8255386352539]},"train/physics_comp_2":0.08561442047357559,"val/total":1.867828375e+06,"_step":14000,"_runtime":104,"_timestamp":1.776526987184249e+09,"gradients/layers.1.weight":{"bins":[-10.093442916870117,-9.788543701171875,-9.483643531799316,-9.178744316101074,-8.873844146728516,-8.568944931030273,-8.264044761657715,-7.959145545959473,-7.654245853424072,-7.349346160888672,-7.0444464683532715,-6.739546775817871,-6.434647560119629,-6.1297478675842285,-5.824848175048828,-5.519948482513428,-5.215048789978027,-4.910149097442627,-4.605249404907227,-4.300349712371826,-3.995450258255005,-3.6905505657196045,-3.385651111602783,-3.080751419067383,-2.7758517265319824,-2.470952033996582,-2.1660523414611816,-1.8611528873443604,-1.55625319480896,-1.2513535022735596,-0.9464539289474487,-0.6415542960166931,-0.3366556167602539,-0.03175598382949829,0.2731436491012573,0.5780432820320129,0.8829429149627686,1.187842607498169,1.4927421808242798,1.7976417541503906,2.102541446685791,2.4074411392211914,2.712340831756592,3.017240285873413,3.3221399784088135,3.627039670944214,3.931939125061035,4.2368388175964355,4.541738510131836,4.846638202667236,5.151537895202637,5.456437587738037,5.7613372802734375,6.06623649597168,6.37113618850708,6.6760358810424805,6.980935573577881,7.285835266113281,7.590734958648682,7.895634651184082,8.200533866882324,8.505434036254883,8.810333251953125,9.115233421325684,9.420132637023926],"_type":"histogram","values":[1,0,0,2,0,1,1,4,1,1,4,0,3,1,1,3,1,0,6,12,6,9,13,17,27,40,57,75,109,157,290,443,656,691,519,346,162,126,93,52,41,28,22,12,17,7,5,7,6,4,0,0,2,2,2,1,0,2,0,2,2,0,1,3]},"gradients/layers.0.bias":{"values":[1,0,0,2,0,1,0,0,0,0,1,0,1,2,0,0,1,2,0,2,2,1,0,4,1,0,2,4,1,1,1,0,4,0,2,3,1,1,1,2,0,1,0,1,3,2,0,2,1,1,1,1,1,0,1,0,0,2,1,1,0,0,0,1],"bins":[-26.689388275146484,-25.836933135986328,-24.984479904174805,-24.13202476501465,-23.279569625854492,-22.42711639404297,-21.574661254882812,-20.722206115722656,-19.8697509765625,-19.017297744750977,-18.16484260559082,-17.312387466430664,-16.45993423461914,-15.607479095458984,-14.755024909973145,-13.902569770812988,-13.050115585327148,-12.197661399841309,-11.345206260681152,-10.492752075195312,-9.640296936035156,-8.787842750549316,-7.935388565063477,-7.0829339027404785,-6.2304792404174805,-5.378024578094482,-4.525569915771484,-3.6731157302856445,-2.8206610679626465,-1.968206524848938,-1.1157519817352295,-0.263297438621521,0.5891590118408203,1.4416135549545288,2.2940680980682373,3.1465225219726562,3.9989771842956543,4.851431846618652,5.703886032104492,6.55634069442749,7.408795356750488,8.261249542236328,9.113704681396484,9.966158866882324,10.818613052368164,11.67106819152832,12.52352237701416,13.375977516174316,14.228431701660156,15.080885887145996,15.933341026306152,16.785795211791992,17.63825035095215,18.490703582763672,19.343158721923828,20.195613861083984,21.04806900024414,21.900522232055664,22.75297737121582,23.605432510375977,24.4578857421875,25.310340881347656,26.162796020507812,27.015249252319336,27.867704391479492],"_type":"histogram"},"gradients/layers.2.bias":{"values":[2,0,1,0,0,0,0,0,2,1,0,3,2,0,1,2,0,1,0,2,0,2,1,1,0,0,0,3,2,7,4,1,1,2,1,3,2,2,0,3,2,1,0,1,1,0,0,1,1,0,0,1,1,0,0,2,0,0,0,0,0,0,0,1],