{"gradients/layers.1.bias":{"values":[1,1,0,2,0,1,2,0,1,0,1,2,1,2,1,2,2,2,3,2,1,2,2,3,0,3,2,1,1,2,0,2,3,2,1,3,2,0,2,1,0,0,0,0,0,0,1,0,1,0,0,0,0,1,0,0,0,1,0,0,0,0,0,1],"bins":[-10.865546226501465,-10.405187606811523,-9.944828987121582,-9.48447036743164,-9.024110794067383,-8.563752174377441,-8.1033935546875,-7.643034934997559,-7.182676315307617,-6.722317695617676,-6.261959075927734,-5.801599979400635,-5.341241359710693,-4.880882740020752,-4.420523643493652,-3.960165023803711,-3.4998064041137695,-3.039447784423828,-2.5790889263153076,-2.118730068206787,-1.6583714485168457,-1.1980127096176147,-0.7376539707183838,-0.27729523181915283,0.18306350708007812,0.6434222459793091,1.10378098487854,1.564139723777771,2.024498462677002,2.4848570823669434,2.945215940475464,3.4055747985839844,3.8659324645996094,4.326291084289551,4.786649703979492,5.247008800506592,5.707367420196533,6.167726039886475,6.628085136413574,7.088443756103516,7.548802375793457,8.009160995483398,8.46951961517334,8.929878234863281,9.390237808227539,9.85059642791748,10.310955047607422,10.771313667297363,11.231672286987305,11.692030906677246,12.152389526367188,12.612748146057129,13.07310676574707,13.533466339111328,13.99382495880127,14.454183578491211,14.914542198181152,15.374900817871094,15.835259437561035,16.295618057250977,16.755977630615234,17.21633529663086,17.676694869995117,18.137052536010742,18.597412109375],"_type":"histogram"},"train/physics_comp_0":3.8830734411021695e-05,"val/total":1.866918125e+06,"gradients/layers.2.weight":{"_type":"histogram","values":[2,0,0,0,3,0,2,3,7,3,5,3,5,7,15,15,22,18,19,27,46,33,52,59,72,100,97,148,146,183,266,427,605,386,228,193,168,102,102,113,101,44,55,37,30,22,24,18,15,14,11,10,5,5,5,3,5,3,2,1,0,2,1,1],"bins":[-9.211650848388672,-8.92749309539795,-8.643336296081543,-8.35917854309082,-8.075021743774414,-7.79086446762085,-7.506707191467285,-7.222549915313721,-6.938392639160156,-6.654234886169434,-6.370077610015869,-6.085920333862305,-5.80176305770874,-5.517605781555176,-5.233448505401611,-4.949291229248047,-4.665133953094482,-4.380976676940918,-4.0968194007873535,-3.812662124633789,-3.5285048484802246,-3.244347333908081,-2.9601900577545166,-2.676032781600952,-2.3918755054473877,-2.1077182292938232,-1.8235609531402588,-1.5394035577774048,-1.2552462816238403,-0.9710890054702759,-0.6869316697120667,-0.4027743637561798,-0.11861705780029297,0.16554024815559387,0.4496975541114807,0.7338548898696899,1.0180121660232544,1.3021694421768188,1.5863268375396729,1.8704841136932373,2.1546413898468018,2.438798666000366,2.7229559421539307,3.007113218307495,3.2912707328796387,3.575428009033203,3.8595852851867676,4.143742561340332,4.4278998374938965,4.712057113647461,4.996214389801025,5.28037166595459,5.564528942108154,5.848686218261719,6.132843494415283,6.417000770568848,6.70115852355957,6.985315799713135,7.269473075866699,7.553630352020264,7.837787628173828,8.121944427490234,8.406102180480957,8.690258979797363,8.974416732788086]},"train/data":0.098786860704422,"_wandb":{"runtime":82},"train/physics_comp_2":9.98316227196483e-06,"gradients/layers.2.bias":{"_type":"histogram","values":[1,0,0,0,0,0,1,1,0,0,0,1,2,1,0,0,1,1,0,3,4,0,2,2,2,0,2,0,4,2,2,3,3,0,1,0,1,2,3,2,1,1,1,2,0,1,3,2,1,1,0,0,1,0,0,2,0,0,0,0,0,0,0,1],"bins":[-11.661005020141602,-11.27585506439209,-10.890705108642578,-10.505555152893066,-10.120405197143555,-9.735255241394043,-9.350105285644531,-8.96495532989502,-8.579805374145508,-8.19465446472168,-7.809504985809326,-7.4243550300598145,-7.0392045974731445,-6.654054641723633,-6.268904685974121,-5.883754730224609,-5.498604774475098,-5.113454818725586,-4.728304862976074,-4.3431549072265625,-3.9580047130584717,-3.57285475730896,-3.187704563140869,-2.8025546073913574,-2.4174046516418457,-2.032254695892334,-1.6471046209335327,-1.2619545459747314,-0.8768045902252197,-0.49165457487106323,-0.10650455951690674,0.27864545583724976,0.6637954711914062,1.048945426940918,1.4340955018997192,1.8192455768585205,2.2043955326080322,2.589545488357544,2.9746956825256348,3.3598456382751465,3.744995594024658,4.13014554977417,4.515295505523682,4.900445461273193,5.285595893859863,5.670745849609375,6.055895805358887,6.441045761108398,6.82619571685791,7.211345672607422,7.596495628356934,7.981645584106445,8.366795539855957,8.751945495605469,9.13709545135498,9.522245407104492,9.90739631652832,10.292546272277832,10.677696228027344,11.062846183776855,11.447996139526367,11.833146095275879,12.21829605102539,12.603446006774902,12.988595962524414]},"_step":7000,"gradients/layers.1.weight":{"_type":"histogram","values":[1,0,0,0,0,1,3,3,2,3,2,5,8,15,6,22,24,29,29,46,57,83,146,203,288,422,475,521,473,360,237,179,119,87,56,52,33,23,20,9,4,9,8,6,2,3,5,4,2,1,2,2,1,1,1,2,0,0,0,0,0,0,0,1],"bins":[-5.291826248168945,-5.09847354888916,-4.905120849609375,-4.711767673492432,-4.5184149742126465,-4.325062274932861,-4.131709098815918,-3.938356399536133,-3.7450037002563477,-3.5516510009765625,-3.3582980632781982,-3.164945125579834,-2.971592426300049,-2.7782397270202637,-2.5848867893218994,-2.391533851623535,-2.19818115234375,-2.004828453063965,-1.8114755153656006,-1.6181226968765259,-1.4247698783874512,-1.2314170598983765,-1.0380642414093018,-0.844711422920227,-0.6513586044311523,-0.45800578594207764,-0.26465296745300293,-0.07130014896392822,0.12205266952514648,0.3154054880142212,0.5087583065032959,0.7021111249923706,0.8954644203186035,1.0888172388076782,1.282170057296753,1.4755228757858276,1.6688756942749023,1.862228512763977,2.0555813312530518,2.248934268951416,2.442286968231201,2.6356396675109863,2.8289926052093506,3.022345542907715,3.2156982421875,3.409050941467285,3.6024038791656494,3.7957568168640137,3.989109516143799,4.182462215423584,4.375815391540527,4.5691680908203125,4.762520790100098,4.955873489379883,5.149226188659668,5.342579364776611,5.5359320640563965,5.729284763336182,5.922637939453125,6.11599063873291,6.309343338012695,6.5026960372924805,6.696048736572266,6.889401912689209,7.082754611968994]},"gradients/layers.0.bias":{"bins":[-24.82365608215332,-23.513769149780273,-22.20388412475586,-20.893997192382812,-19.584110260009766,-18.27422332763672,-16.964336395263672,-15.654451370239258,-14.344564437866211,-13.034677505493164,-11.724791526794434,-10.414905548095703,-9.105018615722656,-7.795132160186768,-6.485245704650879,-5.17535924911499,-3.8654727935791016,-2.555586338043213,-1.2456998825073242,0.06418657302856445,1.3740730285644531,2.683959484100342,3.9938459396362305,5.303732395172119,6.613618850708008,7.9235053062438965,9.233391761779785,10.543277740478516,11.853164672851562,13.16305160522461,14.47293758392334,15.78282356262207,17.09271240234375,18.402599334716797,19.712486267089844,21.022371292114258,22.332258224487305,23.64214515686035,24.952030181884766,26.261917114257812,27.57180404663086,28.881690979003906,30.191577911376953,31.501462936401367,32.81134796142578,34.12123489379883,35.431121826171875,36.74100875854492,38.05089569091797,39.360782623291016,40.67066955566406,41.98055648803711,43.290443420410156,44.60032653808594,45.910213470458984,47.22010040283203,48.52998733520508,49.839874267578125,51.14976119995117,52.45964813232422,53.76953125,55.07941818237305,56.389305114746094,57.69919204711914,59.00907897949219],"_type":"histogram","values":[1,1,0,3,0,0,1,1,4,1,0,0,2,2,3,2,1,4,1,2,3,1,3,3,2,3,1,1,4,4,2,1,1,2,2,1,0,0,0,0,0,0,0,0,0,0,0,0,0,0,0,0,0,0,0,0,0,0,0,0,0,0,0,1]},