{"_timestamp":1.7727138598240254e+09,"gradients/main_layers.2.bias":{"values":[1,0,0,0,0,0,0,0,0,1,0,1,0,0,0,0,0,0,1,0,2,1,1,1,0,2,0,1,1,0,0,1,0,2,3,2,1,1,1,1,1,0,0,0,0,0,0,1,1,0,0,0,0,0,0,0,1,0,0,0,0,0,0,1],"bins":[-0.0017898736987262964,-0.00173466419801116,-0.0016794546972960234,-0.0016242453129962087,-0.0015690358122810721,-0.0015138263115659356,-0.001458616810850799,-0.0014034073101356626,-0.0013481979258358479,-0.0012929884251207113,-0.0012377789244055748,-0.0011825694236904383,-0.0011273599229753017,-0.0010721504222601652,-0.0010169410379603505,-0.000961731537245214,-0.0009065220365300775,-0.0008513125358149409,-0.0007961030933074653,-0.0007408935925923288,-0.0006856841500848532,-0.0006304746493697166,-0.0005752651486545801,-0.0005200557061471045,-0.000464846205431968,-0.0004096367338206619,-0.00035442726220935583,-0.0002992177614942193,-0.00024400828988291323,-0.00018879881827160716,-0.00013358933210838586,-7.837985322112218e-05,-2.3170257918536663e-05,3.203922096872702e-05,8.724869985599071e-05,0.000142458186019212,0.00019766765763051808,0.00025287712924182415,0.0003080866299569607,0.00036329610156826675,0.0004185055731795728,0.0004737150447908789,0.000528924516402185,0.0005841340171173215,0.000639343517832458,0.0006945529603399336,0.0007497624610550702,0.0008049719035625458,0.0008601814042776823,0.0009153909049928188,0.0009706003475002944,0.00102580979000777,0.0010810192907229066,0.0011362287914380431,0.0011914382921531796,0.0012466477928683162,0.0013018571771681309,0.0013570666778832674,0.001412276178598404,0.0014674856793135405,0.001522695180028677,0.0015779046807438135,0.0016331140650436282,0.0016883235657587647,0.0017435330664739013],"_type":"histogram"},"train/total":0.005876386538147926,"gradients/main_layers.2.weight":{"bins":[-0.0028586597181856632,-0.0027640354819595814,-0.0026694112457334995,-0.0025747870095074177,-0.002480162773281336,-0.002385538537055254,-0.002290914300829172,-0.0021962900646030903,-0.0021016658283770084,-0.0020070415921509266,-0.0019124174723401666,-0.0018177932361140847,-0.0017231689998880029,-0.001628544763661921,-0.0015339205274358392,-0.0014392962912097573,-0.0013446720549836755,-0.0012500478187575936,-0.0011554235825315118,-0.00106079934630543,-0.0009661751100793481,-0.0008715509320609272,-0.0007769266958348453,-0.0006823024596087635,-0.0005876782233826816,-0.0004930539871565998,-0.0003984297509305179,-0.0003038055438082665,-0.00020918130758218467,-0.00011455707863206044,-1.9932849681936204e-05,7.469137926818803e-05,0.00016931560821831226,0.0002639398444443941,0.00035856408067047596,0.00045318828779272735,0.0005478125531226397,0.0006424367311410606,0.0007370609673671424,0.0008316852035932243,0.0009263094398193061,0.001020933617837727,0.001115557854063809,0.0012101820902898908,0.0013048063265159726,0.0013994305627420545,0.0014940547989681363,0.0015886790351942182,0.0016833032714203,0.0017779275076463819,0.0018725517438724637,0.0019671758636832237,0.0020618000999093056,0.0021564243361353874,0.0022510485723614693,0.002345672808587551,0.002440297044813633,0.002534921281039715,0.0026295455172657967,0.0027241697534918785,0.0028187939897179604,0.002913418225944042,0.003008042462170124,0.003102666698396206,0.0031972909346222878],"_type":"histogram","values":[1,0,0,1,0,1,1,1,1,0,2,3,3,2,1,1,6,7,18,11,9,17,13,21,21,38,37,56,64,83,121,92,62,33,27,23,30,13,14,15,6,5,5,9,2,5,1,6,2,1,2,2,1,0,1,1,1,0,0,0,0,0,0,1]},"gradients/main_layers.1.weight":{"_type":"histogram","values":[1,0,1,0,0,0,1,2,0,1,1,1,1,6,3,2,3,1,6,2,4,10,9,8,9,13,20,23,20,40,53,72,104,111,84,73,40,37,22,19,21,5,12,6,3,7,4,5,7,4,5,1,5,2,1,2,1,1,2,0,1,1,0,1],"bins":[-0.0027603625785559416,-0.002677485579624772,-0.002594608813524246,-0.0025117318145930767,-0.002428854815661907,-0.0023459778167307377,-0.002263100817799568,-0.0021802240516990423,-0.002097347052767873,-0.0020144700538367033,-0.0019315931713208556,-0.001848716288805008,-0.0017658392898738384,-0.001682962290942669,-0.0016000854084268212,-0.0015172085259109735,-0.001434331526979804,-0.0013514545280486345,-0.0012685776455327868,-0.0011857007630169392,-0.0011028237640857697,-0.0010199467651546001,-0.0009370698826387525,-0.0008541929419152439,-0.0007713160011917353,-0.0006884390604682267,-0.0006055621197447181,-0.0005226851790212095,-0.0004398082382977009,-0.0003569312975741923,-0.0002740543568506837,-0.0001911774161271751,-0.0001083004754036665,-2.54235346801579e-05,5.7453406043350697e-05,0.0001403303467668593,0.0002232072874903679,0.0003060842282138765,0.0003889611689373851,0.0004718381096608937,0.0005547150503844023,0.0006375919911079109,0.0007204689318314195,0.0008033458725549281,0.0008862228132784367,0.0009690997540019453,0.0010519766947254539,0.0011348535772413015,0.001217730576172471,0.0013006075751036406,0.0013834844576194882,0.001466361340135336,0.0015492383390665054,0.001632115337997675,0.0017149922205135226,0.0017978691030293703,0.0018807461019605398,0.0019636231008917093,0.002046499866992235,0.0021293768659234047,0.002212253864854574,0.0022951308637857437,0.0023780078627169132,0.002460884628817439,0.0025437616277486086]},"_runtime":271,"gradients/main_layers.0.bias":{"_type":"histogram","values":[1,0,0,0,0,0,0,0,1,0,2,1,0,0,0,0,0,0,2,0,1,1,1,0,0,0,0,5,2,1,0,1,1,0,2,0,2,2,0,0,2,0,0,0,0,0,1,0,0,0,0,0,0,0,0,0,0,0,0,0,0,0,0,1],"bins":[-0.004281048197299242,-0.004114449489861727,-0.0039478507824242115,-0.0037812518421560526,-0.0036146529018878937,-0.0034480541944503784,-0.003281455487012863,-0.0031148565467447042,-0.002948257839307189,-0.0027816591318696737,-0.002615060191601515,-0.0024484614841639996,-0.0022818627767264843,-0.0021152638364583254,-0.0019486651290208101,-0.001782066305167973,-0.001615467481315136,-0.0014488686574622989,-0.0012822698336094618,-0.0011156711261719465,-0.0009490723023191094,-0.0007824734784662724,-0.0006158747128210962,-0.00044927591807208955,-0.0002826771233230829,-0.0001160783285740763,5.0520466174930334e-05,0.00021711926092393696,0.0003837180556729436,0.0005503168795257807,0.0007169156451709569,0.000883514410816133,0.0010501137003302574,0.0012167125241830945,0.0013833113480359316,0.0015499100554734468,0.001716508879326284,0.001883107703179121,0.0020497064106166363,0.002216305350884795,0.0023829040583223104,0.0025495027657598257,0.0027161017060279846,0.0028827004134655,0.003049299120903015,0.003215898061171174,0.0033824967686086893,0.0035490957088768482,0.0037156944163143635,0.0038822931237518787,0.004048891831189394,0.0042154910042881966,0.004382089711725712,0.004548688419163227,0.004715287126600742,0.004881885834038258,0.005048484541475773,0.005215083714574575,0.005381682422012091,0.005548281129449606,0.005714879836887121,0.0058814785443246365,0.006048077717423439,0.006214676424860954,0.0063812751322984695]},"gradients/output_layer.bias":{"values":[1,0,0,0,0,0,0,0,0,0,0,0,0,0,0,0,0,0,0,0,0,0,0,0,0,0,0,0,0,0,0,0,0,0,1,0,0,0,0,0,0,0,0,0,0,0,0,0,0,0,0,0,0,0,0,0,0,0,0,0,0,0,0,1],