{"gradients/layers.0.weight":{"values":[1,0,0,0,0,0,0,1,1,0,0,1,0,1,4,0,3,2,1,1,8,4,1,1,3,5,8,5,7,4,10,3,5,5,8,2,4,2,4,7,1,1,1,1,2,0,1,1,2,0,1,1,0,2,0,0,0,1,0,0,0,0,0,1],"bins":[-7.2031725e+06,-6.9588685e+06,-6.7145645e+06,-6.4702605e+06,-6.2259565e+06,-5.9816525e+06,-5.7373485e+06,-5.4930445e+06,-5.2487405e+06,-5.0044365e+06,-4.7601325e+06,-4.5158285e+06,-4.2715245e+06,-4.0272205e+06,-3.7829165e+06,-3.5386125e+06,-3.2943085e+06,-3.0500045e+06,-2.8057005e+06,-2.5613965e+06,-2.3170925e+06,-2.0727885e+06,-1.8284845e+06,-1.5841805e+06,-1.3398765e+06,-1.0955725e+06,-851268.5,-606964.5,-362660.5,-118356.5,125947.5,370251.5,614556,858860,1.103164e+06,1.347468e+06,1.591772e+06,1.836076e+06,2.08038e+06,2.324684e+06,2.568988e+06,2.813292e+06,3.057596e+06,3.3019e+06,3.546204e+06,3.790508e+06,4.034812e+06,4.279116e+06,4.52342e+06,4.767724e+06,5.012028e+06,5.256332e+06,5.500636e+06,5.74494e+06,5.989244e+06,6.233548e+06,6.477852e+06,6.722156e+06,6.96646e+06,7.210764e+06,7.455068e+06,7.699372e+06,7.943676e+06,8.18798e+06,8.432284e+06],"_type":"histogram"},"_step":3000,"train/physics_comp_0":4.16005802154541,"_runtime":16,"_timestamp":1.772675255488623e+09,"val/val_comp_2":64.9691162109375,"train/physics_comp_1":65.1004638671875,"train/physics_comp_2":65.1004638671875,"gradients/layers.0.bias":{"_type":"histogram","values":[1,0,0,0,0,0,0,2,0,0,0,1,1,1,2,1,1,1,1,0,3,2,1,1,1,2,3,3,2,1,3,3,1,2,2,2,2,2,3,0,2,1,0,0,1,0,1,1,1,0,1,1,0,1,1,0,1,0,0,0,0,0,0,1],"bins":[-8.165761e+06,-7.8881025e+06,-7.6104445e+06,-7.332786e+06,-7.0551275e+06,-6.7774695e+06,-6.499811e+06,-6.2221525e+06,-5.944494e+06,-5.666836e+06,-5.3891775e+06,-5.111519e+06,-4.833861e+06,-4.5562025e+06,-4.278544e+06,-4.00088575e+06,-3.7232275e+06,-3.44556925e+06,-3.16791075e+06,-2.8902525e+06,-2.612594e+06,-2.33493575e+06,-2.0572775e+06,-1.779619125e+06,-1.50196075e+06,-1.224302375e+06,-946644.0625,-668985.75,-391327.375,-113669.03125,163989.3125,441647.65625,719306,996964.375,1.27462275e+06,1.552281e+06,1.829939375e+06,2.10759775e+06,2.385256e+06,2.6629145e+06,2.94057275e+06,3.218231e+06,3.4958895e+06,3.77354775e+06,4.051206e+06,4.3288645e+06,4.606523e+06,4.884181e+06,5.1618395e+06,5.439498e+06,5.717156e+06,5.9948145e+06,6.272473e+06,6.550131e+06,6.8277895e+06,7.105448e+06,7.383106e+06,7.6607645e+06,7.938423e+06,8.2160815e+06,8.49374e+06,8.771398e+06,9.049056e+06,9.326715e+06,9.604373e+06]},"val/val_comp_0":4.240177154541016,"gradients/layers.1.bias":{"values":[1,0,0,0,1,0,2,0,0,0,0,0,0,0,1,0,0,1,0,0,1,1,1,0,0,1,1,3,2,1,1,4,8,2,3,5,5,4,3,1,3,2,0,0,0,1,0,1,0,2,0,0,1,0,0,0,0,0,0,0,0,0,0,1],"bins":[-9.839223e+06,-9.547037e+06,-9.254851e+06,-8.962665e+06,-8.670479e+06,-8.3782935e+06,-8.0861075e+06,-7.7939215e+06,-7.5017355e+06,-7.2095495e+06,-6.9173635e+06,-6.6251775e+06,-6.332992e+06,-6.040806e+06,-5.74862e+06,-5.456434e+06,-5.164248e+06,-4.872062e+06,-4.579876e+06,-4.28769e+06,-3.99550425e+06,-3.70331825e+06,-3.4111325e+06,-3.1189465e+06,-2.8267605e+06,-2.5345745e+06,-2.2423885e+06,-1.95020275e+06,-1.65801675e+06,-1.36583075e+06,-1.073644875e+06,-781458.9375,-489272,-197086.0625,95099.875,387285.8125,679471.75,971657.6875,1.263843625e+06,1.5560295e+06,1.8482155e+06,2.1404015e+06,2.4325875e+06,2.72477325e+06,3.01695925e+06,3.30914525e+06,3.601331e+06,3.893517e+06,4.185703e+06,4.477889e+06,4.770075e+06,5.062261e+06,5.354447e+06,5.6466325e+06,5.9388185e+06,6.2310045e+06,6.5231905e+06,6.8153765e+06,7.1075625e+06,7.3997485e+06,7.691934e+06,7.98412e+06,8.276306e+06,8.568492e+06,8.860678e+06],"_type":"histogram"},"gradients/out.bias":{"bins":[157453.84375,1.16646525e+06,2.17547675e+06,3.18448825e+06,4.1934995e+06,5.202511e+06,6.2115225e+06,7.220534e+06,8.2295455e+06,9.238557e+06,1.0247568e+07,1.125658e+07,1.2265591e+07,1.3274603e+07,1.4283614e+07,1.5292625e+07,1.6301637e+07,1.7310648e+07,1.831966e+07,1.9328672e+07,2.0337682e+07,2.1346694e+07,2.2355706e+07,2.3364716e+07,2.4373728e+07,2.538274e+07,2.6391752e+07,2.7400762e+07,2.8409774e+07,2.9418786e+07,3.0427796e+07,3.1436808e+07,3.2445818e+07,3.345483e+07,3.446384e+07,3.5472852e+07,3.6481864e+07,3.7490876e+07,3.8499888e+07,3.95089e+07,4.0517908e+07,4.152692e+07,4.2535932e+07,4.3544944e+07,4.4553956e+07,4.5562968e+07,4.657198e+07,4.7580988e+07,4.859e+07,4.9599012e+07,5.0608024e+07,5.1617036e+07,5.2626048e+07,5.363506e+07,5.4644068e+07,5.565308e+07,5.6662092e+07,5.7671104e+07,5.8680116e+07,5.9689128e+07,6.069814e+07,6.1707148e+07,6.271616e+07,6.3725172e+07,6.4734184e+07],"_type":"histogram","values":[1,0,0,0,0,0,0,1,0,0,0,0,0,0,0,0,0,0,0,0,0,0,0,0,0,0,0,0,0,0,0,0,0,0,0,0,0,0,0,0,0,0,0,0,0,0,0,0,0,0,0,0,0,0,0,0,0,0,0,0,0,0,0,1]},"_wandb":{"runtime":16},"train/physics":25256.857421875,"val/val_comp_1":64.9691162109375,"gradients/out.weight":{"bins":[-6.472096e+07,-6.2698456e+07,-6.0675956e+07,-5.8653452e+07,-5.6630948e+07,-5.4608448e+07,-5.2585944e+07,-5.056344e+07,-4.8540936e+07,-4.6518436e+07,-4.4495932e+07,-4.2473428e+07,-4.0450928e+07,-3.8428424e+07,-3.640592e+07,-3.438342e+07,-3.2360916e+07,-3.0338414e+07,-2.831591e+07,-2.6293408e+07,-2.4270904e+07,-2.2248402e+07,-2.02259e+07,-1.8203396e+07,-1.6180894e+07,-1.4158391e+07,-1.2135888e+07,-1.0113386e+07,-8.090883e+06,-6.06838e+06,-4.0458775e+06,-2.02337475e+06,-868,2.02163475e+06,4.0441375e+06,6.06664e+06,8.089143e+06,1.0111646e+07,1.2134148e+07,1.4156651e+07,1.6179154e+07,1.8201656e+07,2.022416e+07,2.2246662e+07,2.4269164e+07,2.6291668e+07,2.831417e+07,3.0336674e+07,3.2359176e+07,3.438168e+07,3.640418e+07,3.8426684e+07,4.0449188e+07,4.2471688e+07,4.4494192e+07,4.6516696e+07,4.85392e+07,5.05617e+07,5.2584204e+07,5.4606708e+07,5.6629208e+07,5.8651712e+07,6.0674216e+07,6.2696716e+07,6.471922e+07],"_type":"histogram","values":[8,1,4,1,2,2,1,2,0,2,2,0,0,1,0,0,2,1,1,0,1,2,0,0,3,0,1,0,20,8,8,41,28,4,6,15,0,0,1,0,0,0,1,1,0,1,0,0,0,0,2,0,1,1,0,1,0,4,0,2,2,2,0,6]},"val/total":2.7228186e+07,"gradients/layers.2.weight":{"values":[9,3,7,2,1,1,13,13,12,6,1,0,6,24,16,23,19,14,30,30,11,34,10,31,24,65,155,101,148,168,260,606,968,292,203,136,93,149,70,11,28,30,39,15,8,34,20,18,16,35,20,9,5,2,3,2,9,21,1,1,1,0,3,11],"bins":[-1.1769191e+07,-1.1401886e+07,-1.103458e+07,-1.0667275e+07,-1.029997e+07,-9.932664e+06,-9.565359e+06,-9.198054e+06,-8.830748e+06,-8.463443e+06,-8.096138e+06,-7.7288325e+06,-7.361527e+06,-6.994222e+06,-6.6269165e+06,-6.2596115e+06,-5.892306e+06,-5.5250005e+06,-5.1576955e+06,-4.79039e+06,-4.423085e+06,-4.0557795e+06,-3.688474e+06,-3.32116875e+06,-2.9538635e+06,-2.58655825e+06,-2.219253e+06,-1.8519475e+06,-1.48464225e+06,-1.117337e+06,-750031.625,-382726.3125,-15421,351884.3125,719189.625,1.086495e+06,1.45380025e+06,1.8211055e+06,2.188411e+06,2.55571625e+06,2.9230215e+06,3.29032675e+06,3.657632e+06,4.0249375e+06,4.392243e+06,4.759548e+06,5.1268535e+06,5.4941585e+06,5.861464e+06,6.2287695e+06,6.5960745e+06,6.96338e+06,7.330685e+06,7.6979905e+06,8.065296e+06,8.432601e+06,8.799906e+06,9.167212e+06,9.534517e+06,9.901822e+06,1.0269128e+07,1.0636433e+07,1.1003738e+07,1.1371044e+07,1.1738349e+07],"_type":"histogram"},"val/physics_loss":25235.404296875,"train/data":1.648559e+07,"gradients/layers.2.bias":{"bins":[-1.1859002e+07,-1.1562265e+07,-1.1265529e+07,-1.0968792e+07,-1.0672056e+07,-1.0375319e+07,-1.0078583e+07,-9.781846e+06,-9.48511e+06,-9.188373e+06,-8.891636e+06,-8.5949e+06,-8.298163e+06,-8.0014265e+06,-7.70469e+06,-7.4079535e+06,-7.111217e+06,-6.8144805e+06,-6.517744e+06,-6.2210075e+06,-5.924271e+06,-5.627534e+06,-5.3307975e+06,-5.034061e+06,-4.7373245e+06,-4.440588e+06,-4.1438515e+06,-3.84711475e+06,-3.55037825e+06,-3.25364175e+06,-2.956905e+06,-2.6601685e+06,-2.363432e+06,-2.0666955e+06,-1.769958875e+06,-1.47322225e+06,-1.17648575e+06,-879749.1875,-583012.625,-286276.0625,10460.5,307197.0625,603933.625,900670.1875,1.19740675e+06,1.49414325e+06,1.790879875e+06,2.0876165e+06,2.384353e+06,2.6810895e+06,2.977826e+06,3.27456275e+06,3.57129925e+06,3.86803575e+06,4.1647725e+06,4.461509e+06,4.7582455e+06,5.054982e+06,5.3517185e+06,5.648455e+06,5.945192e+06,6.2419285e+06,6.538665e+06,6.8354015e+06,7.132138e+06],