{"train/data":NaN,"gradients/layers.2.bias":{"bins":[-2.325343232e+10,-2.24887296e+10,-2.1724028928e+10,-2.0959326208e+10,-2.0194625536e+10,-1.9429922816e+10,-1.8665220096e+10,-1.7900519424e+10,-1.7135816704e+10,-1.6371115008e+10,-1.5606413312e+10,-1.4841711616e+10,-1.407700992e+10,-1.3312308224e+10,-1.2547605504e+10,-1.1782903808e+10,-1.1018202112e+10,-1.0253500416e+10,-9.48879872e+09,-8.724096e+09,-7.959394304e+09,-7.194692608e+09,-6.429990912e+09,-5.665288704e+09,-4.900587008e+09,-4.135885056e+09,-3.371183104e+09,-2.606481408e+09,-1.841779456e+09,-1.077077504e+09,-3.1237568e+08,4.52326208e+08,1.217028096e+09,1.981730048e+09,2.746432e+09,3.511133696e+09,4.275835648e+09,5.0405376e+09,5.805239296e+09,6.569941504e+09,7.3346432e+09,8.099344896e+09,8.864047104e+09,9.6287488e+09,1.0393450496e+10,1.1158152192e+10,1.1922854912e+10,1.2687556608e+10,1.3452258304e+10,1.421696e+10,1.4981661696e+10,1.5746364416e+10,1.6511066112e+10,1.7275766784e+10,1.8040469504e+10,1.8805172224e+10,1.9569872896e+10,2.0334575616e+10,2.1099276288e+10,2.1863979008e+10,2.2628681728e+10,2.33933824e+10,2.415808512e+10,2.4922785792e+10,2.5687488512e+10],"_type":"histogram","values":[2,0,1,2,0,0,0,0,0,2,2,2,1,0,3,0,0,1,2,1,0,1,0,2,1,0,5,4,4,0,3,2,3,0,1,0,4,1,1,0,3,0,0,1,1,0,0,0,2,1,0,1,2,0,1,0,0,0,0,0,0,0,0,1]},"_runtime":85,"gradients/out.weight":{"bins":[-7.6993404928e+10,-7.4520363008e+10,-7.204732928e+10,-6.957428736e+10,-6.710124544e+10,-6.4628207616e+10,-6.2155169792e+10,-5.9682127872e+10,-5.7209090048e+10,-5.4736052224e+10,-5.2263010304e+10,-4.978997248e+10,-4.7316934656e+10,-4.4843892736e+10,-4.2370854912e+10,-3.9897812992e+10,-3.7424775168e+10,-3.4951737344e+10,-3.2478695424e+10,-3.00056576e+10,-2.7532617728e+10,-2.5059577856e+10,-2.2586540032e+10,-2.011350016e+10,-1.7640460288e+10,-1.5167420416e+10,-1.2694381568e+10,-1.022134272e+10,-7.748302848e+09,-5.275263488e+09,-2.802224128e+09,-3.29184768e+08,2.143862784e+09,4.616902144e+09,7.089941504e+09,9.562980352e+09,1.2036020224e+10,1.4509060096e+10,1.6982098944e+10,1.9455137792e+10,2.1928177664e+10,2.4401217536e+10,2.6874257408e+10,2.9347295232e+10,3.1820335104e+10,3.4293374976e+10,3.67664128e+10,3.923945472e+10,4.1712492544e+10,4.4185530368e+10,4.6658572288e+10,4.9131610112e+10,5.1604652032e+10,5.4077689856e+10,5.655072768e+10,5.90237696e+10,6.1496807424e+10,6.3969845248e+10,6.6442887168e+10,6.8915929088e+10,7.1388962816e+10,7.3862004736e+10,7.6335046656e+10,7.8808080384e+10,8.1281122304e+10],"_type":"histogram","values":[1,0,0,0,0,0,3,1,0,0,0,1,1,1,1,1,0,1,3,3,2,1,2,0,2,1,1,0,7,13,43,49,17,4,0,0,3,3,3,0,2,1,0,2,1,2,3,2,1,2,0,1,0,0,0,0,1,1,1,0,1,0,1,2]},"gradients/layers.1.bias":{"bins":[-3.709857792e+10,-3.5964956672e+10,-3.4831331328e+10,-3.369771008e+10,-3.2564088832e+10,-3.1430465536e+10,-3.0296844288e+10,-2.9163220992e+10,-2.8029599744e+10,-2.6895976448e+10,-2.5762353152e+10,-2.4628731904e+10,-2.3495108608e+10,-2.236148736e+10,-2.1227864064e+10,-2.0094242816e+10,-1.896061952e+10,-1.7826996224e+10,-1.6693374976e+10,-1.5559752704e+10,-1.4426130432e+10,-1.3292507136e+10,-1.2158884864e+10,-1.1025262592e+10,-9.89164032e+09,-8.758018048e+09,-7.624395776e+09,-6.490772992e+09,-5.35715072e+09,-4.223528448e+09,-3.08990592e+09,-1.95628352e+09,-8.2266112e+08,3.1096128e+08,1.44458368e+09,2.578206208e+09,3.71182848e+09,4.845450752e+09,5.979073536e+09,7.112695808e+09,8.24631808e+09,9.379940352e+09,1.0513562624e+10,1.1647184896e+10,1.2780808192e+10,1.3914430464e+10,1.5048052736e+10,1.6181675008e+10,1.731529728e+10,1.8448920576e+10,1.9582541824e+10,2.071616512e+10,2.1849786368e+10,2.2983409664e+10,2.4117030912e+10,2.5250654208e+10,2.6384277504e+10,2.7517898752e+10,2.8651522048e+10,2.9785143296e+10,3.0918766592e+10,3.205238784e+10,3.3186011136e+10,3.4319632384e+10,3.545325568e+10],"_type":"histogram","values":[1,0,0,0,0,0,2,0,0,1,0,0,0,2,1,0,2,0,0,3,3,4,0,0,2,0,2,1,0,4,3,1,1,0,2,3,1,1,0,0,3,3,3,1,2,2,1,1,1,1,0,1,0,0,1,1,1,0,1,0,0,0,0,1]},"gradients/out.bias":{"bins":[-8.1445158912e+10,-8.0072024064e+10,-7.8698881024e+10,-7.7325746176e+10,-7.5952603136e+10,-7.4579468288e+10,-7.3206325248e+10,-7.18331904e+10,-7.046004736e+10,-6.9086912512e+10,-6.7713769472e+10,-6.6340630528e+10,-6.4967491584e+10,-6.359435264e+10,-6.2221213696e+10,-6.0848074752e+10,-5.9474935808e+10,-5.810180096e+10,-5.6728662016e+10,-5.5355523072e+10,-5.3982384128e+10,-5.2609245184e+10,-5.123610624e+10,-4.9862967296e+10,-4.8489828352e+10,-4.7116689408e+10,-4.5743550464e+10,-4.437041152e+10,-4.2997272576e+10,-4.1624133632e+10,-4.0250994688e+10,-3.8877855744e+10,-3.75047168e+10,-3.6131577856e+10,-3.4758438912e+10,-3.3385302016e+10,-3.2012163072e+10,-3.0639024128e+10,-2.9265885184e+10,-2.789274624e+10,-2.6519607296e+10,-2.5146468352e+10,-2.3773329408e+10,-2.2400190464e+10,-2.102705152e+10,-1.9653912576e+10,-1.8280773632e+10,-1.6907635712e+10,-1.5534496768e+10,-1.4161357824e+10,-1.278821888e+10,-1.1415079936e+10,-1.0041942016e+10,-8.668803072e+09,-7.295664128e+09,-5.922525184e+09,-4.54938624e+09,-3.176247296e+09,-1.803108608e+09,-4.29969792e+08,9.43169024e+08,2.316307968e+09,3.689446656e+09,5.062585344e+09,6.435724288e+09],"_type":"histogram","values":[1,0,0,0,0,0,0,0,0,0,0,0,0,0,0,0,0,0,0,0,0,0,0,0,0,0,0,0,0,0,0,0,0,0,0,0,0,0,0,0,0,0,0,0,0,0,0,0,0,0,0,0,0,0,0,0,0,1,0,0,0,0,0,1]},"_wandb":{"runtime":85},"train/physics":NaN,"_timestamp":1.776526585987907e+09,"train/physics_comp_0":NaN,"train/total":NaN,"gradients/layers.0.bias":{"values":[2,0,0,0,0,0,2,0,0,0,1,1,2,1,0,1,1,2,1,1,1,1,2,2,2,1,1,2,2,2,1,0,0,0,2,1,2,4,2,1,0,2,0,1,0,1,0,3,1,1,0,1,0,2,0,2,2,1,1,1,0,0,0,1],"bins":[-8.2422775808e+10,-8.0100581376e+10,-7.7778386944e+10,-7.5456200704e+10,-7.3134006272e+10,-7.081181184e+10,-6.8489621504e+10,-6.6167427072e+10,-6.3845236736e+10,-6.1523042304e+10,-5.9200847872e+10,-5.6878657536e+10,-5.4556463104e+10,-5.2234272768e+10,-4.9912078336e+10,-4.7589888e+10,-4.5267693568e+10,-4.2945499136e+10,-4.06233088e+10,-3.8301114368e+10,-3.5978924032e+10,-3.36567296e+10,-3.1334537216e+10,-2.9012344832e+10,-2.6690152448e+10,-2.4367960064e+10,-2.204576768e+10,-1.9723575296e+10,-1.7401380864e+10,-1.5079189504e+10,-1.2756996096e+10,-1.0434803712e+10,-8.112607232e+09,-5.790414848e+09,-3.468221952e+09,-1.146029312e+09,1.176163328e+09,3.498355968e+09,5.820548608e+09,8.142741504e+09,1.0464933888e+10,1.2787126272e+10,1.5109318656e+10,1.743151104e+10,1.9753705472e+10,2.2075897856e+10,2.439809024e+10,2.6720282624e+10,2.9042475008e+10,3.1364667392e+10,3.3686859776e+10,3.6009054208e+10,3.8331244544e+10,4.0653438976e+10,4.2975629312e+10,4.5297823744e+10,4.762001408e+10,4.9942208512e+10,5.2264402944e+10,5.458659328e+10,5.6908787712e+10,5.9230978048e+10,6.155317248e+10,6.3875362816e+10,6.6197557248e+10],"_type":"histogram"},"gradients/layers.0.weight":{"values":[1,0,0,0,1,1,1,2,2,0,2,0,1,0,2,1,4,2,4,2,3,1,6,1,2,4,6,8,3,4,1,3,4,4,6,4,4,5,1,5,4,2,3,1,1,3,2,1,1,0,1,2,1,1,0,0,1,1,0,0,0,0,0,2],"bins":[-5.2669386752e+10,-5.0821115904e+10,-4.897284096e+10,-4.7124570112e+10,-4.5276299264e+10,-4.342802432e+10,-4.1579753472e+10,-3.9731478528e+10,-3.788320768e+10,-3.6034936832e+10,-3.4186661888e+10,-3.233839104e+10,-3.0490118144e+10,-2.8641845248e+10,-2.67935744e+10,-2.4945301504e+10,-2.3097028608e+10,-2.1248755712e+10,-1.9400482816e+10,-1.7552211968e+10,-1.5703939072e+10,-1.3855666176e+10,-1.2007394304e+10,-1.0159122432e+10,-8.310849536e+09,-6.462577152e+09,-4.614304768e+09,-2.766032384e+09,-9.1776e+08,9.30512384e+08,2.778784768e+09,4.627057152e+09,6.475333632e+09,8.323606016e+09,1.01718784e+10,1.2020150272e+10,1.3868423168e+10,1.5716696064e+10,1.7564966912e+10,1.9413239808e+10,2.1261512704e+10,2.31097856e+10,2.4958058496e+10,2.6806329344e+10,2.865460224e+10,3.0502875136e+10,3.2351145984e+10,3.419941888e+10,3.6047691776e+10,3.7895962624e+10,3.9744237568e+10,4.1592508416e+10,4.344078336e+10,4.5289054208e+10,4.7137325056e+10,4.89856e+10,5.0833870848e+10,5.2682141696e+10,5.453041664e+10,5.6378687488e+10,5.8226958336e+10,6.007523328e+10,6.1923504128e+10,6.3771779072e+10,6.562004992e+10],"_type":"histogram"},