{"train/total":2.7184384e+07,"_runtime":14,"train/physics_comp_0":4.158452033996582,"val/val_comp_1":4.021726131439209,"_wandb":{"runtime":14},"gradients/layers.2.weight":{"values":[1,0,3,0,3,2,4,3,5,1,2,0,3,3,4,4,3,6,7,12,17,13,27,37,51,69,89,116,129,176,262,347,747,626,306,274,167,106,93,85,73,58,36,21,14,14,12,11,11,8,6,5,6,4,2,1,1,3,1,1,1,2,1,1],"bins":[-352664.28125,-341955.6875,-331247.125,-320538.5625,-309829.96875,-299121.375,-288412.8125,-277704.25,-266995.65625,-256287.078125,-245578.5,-234869.921875,-224161.34375,-213452.765625,-202744.1875,-192035.609375,-181327.03125,-170618.453125,-159909.875,-149201.296875,-138492.71875,-127784.140625,-117075.5625,-106366.984375,-95658.40625,-84949.828125,-74241.25,-63532.671875,-52824.09375,-42115.515625,-31406.9375,-20698.359375,-9989.8125,718.765625,11427.34375,22135.921875,32844.5,43553.078125,54261.65625,64970.234375,75678.8125,86387.390625,97095.96875,107804.546875,118513.125,129221.703125,139930.28125,150638.859375,161347.4375,172056.015625,182764.59375,193473.171875,204181.75,214890.328125,225598.90625,236307.484375,247016.0625,257724.640625,268433.21875,279141.8125,289850.375,300558.9375,311267.53125,321976.125,332684.6875],"_type":"histogram"},"train/physics_comp_1":3.9870011806488037,"train/physics":2848.051025390625,"val/val_comp_0":4.238536357879639,"train/physics_comp_2":3.9870011806488037,"val/val_comp_2":4.021726131439209,"gradients/layers.1.bias":{"bins":[-702490.5,-677929.5,-653368.5625,-628807.5625,-604246.625,-579685.625,-555124.625,-530563.6875,-506002.6875,-481441.71875,-456880.75,-432319.75,-407758.78125,-383197.8125,-358636.8125,-334075.84375,-309514.875,-284953.90625,-260392.921875,-235831.9375,-211270.96875,-186710,-162149.015625,-137588.03125,-113027.0625,-88466.0859375,-63905.109375,-39344.1328125,-14783.15625,9777.8203125,34338.796875,58899.7734375,83460.6875,108021.6640625,132582.640625,157143.625,181704.59375,206265.5625,230826.546875,255387.53125,279948.5,304509.46875,329070.4375,353631.4375,378192.40625,402753.375,427314.375,451875.34375,476436.3125,500997.28125,525558.25,550119.25,574680.25,599241.1875,623802.1875,648363.125,672924.125,697485.125,722046.0625,746607.0625,771168,795729,820290,844850.9375,869411.9375],"_type":"histogram","values":[1,2,0,1,0,1,0,1,0,2,1,0,0,1,2,0,0,1,2,1,2,1,1,1,1,0,2,1,5,0,4,2,2,5,0,0,0,1,3,2,2,0,0,0,2,1,0,3,2,1,0,0,0,0,0,1,0,1,0,0,0,1,0,1]},"_step":3000,"gradients/layers.0.weight":{"_type":"histogram","values":[1,0,0,0,0,0,0,0,0,0,1,0,2,0,1,0,0,0,0,2,2,0,0,1,0,2,1,2,2,1,3,1,4,5,2,8,1,5,6,8,1,6,4,1,6,5,6,5,1,3,0,2,4,1,3,3,2,3,3,2,1,0,1,4],"bins":[-793871,-774807.4375,-755743.875,-736680.3125,-717616.75,-698553.1875,-679489.625,-660426.0625,-641362.5,-622299,-603235.4375,-584171.875,-565108.3125,-546044.75,-526981.1875,-507917.625,-488854.0625,-469790.5,-450726.9375,-431663.375,-412599.8125,-393536.28125,-374472.71875,-355409.15625,-336345.59375,-317282.03125,-298218.46875,-279154.90625,-260091.359375,-241027.796875,-221964.25,-202900.6875,-183837.125,-164773.5625,-145710,-126646.453125,-107582.890625,-88519.328125,-69455.7734375,-50392.21484375,-31328.65625,-12265.09765625,6798.4609375,25862.01953125,44925.578125,63989.13671875,83052.6953125,102116.25,121179.8125,140243.375,159306.9375,178370.484375,197434.046875,216497.609375,235561.15625,254624.71875,273688.28125,292751.84375,311815.40625,330878.96875,349942.5,369006.0625,388069.625,407133.1875,426196.75]},"val/data_loss":2.7181536e+07,"train/data":2.7181536e+07,"gradients/out.bias":{"bins":[-4.8755995e+06,-4.7996595e+06,-4.7237195e+06,-4.6477795e+06,-4.5718395e+06,-4.4959e+06,-4.41996e+06,-4.34402e+06,-4.26808e+06,-4.19214e+06,-4.1162e+06,-4.04026e+06,-3.96432025e+06,-3.88838025e+06,-3.81244025e+06,-3.73650025e+06,-3.6605605e+06,-3.5846205e+06,-3.5086805e+06,-3.4327405e+06,-3.3568005e+06,-3.28086075e+06,-3.20492075e+06,-3.12898075e+06,-3.05304075e+06,-2.97710075e+06,-2.901161e+06,-2.825221e+06,-2.749281e+06,-2.673341e+06,-2.59740125e+06,-2.52146125e+06,-2.445521e+06,-2.369581e+06,-2.293641e+06,-2.21770125e+06,-2.14176125e+06,-2.06582125e+06,-1.989881375e+06,-1.913941375e+06,-1.8380015e+06,-1.7620615e+06,-1.6861215e+06,-1.610181625e+06,-1.534241625e+06,-1.45830175e+06,-1.38236175e+06,-1.306421875e+06,-1.230481875e+06,-1.154542e+06,-1.078602e+06,-1.0026620625e+06,-926722.125,-850782.1875,-774842.1875,-698902.25,-622962.3125,-547022.375,-471082.4375,-395142.5,-319202.53125,-243262.59375,-167322.65625,-91382.7109375,-15442.7626953125],"_type":"histogram","values":[1,0,0,0,0,0,0,0,0,0,0,0,0,0,0,0,0,0,0,0,0,0,0,0,0,0,0,0,0,0,0,0,0,0,0,0,0,0,0,0,0,0,0,0,0,0,0,0,0,0,0,0,0,0,0,0,0,0,0,0,0,0,1,1]},"gradients/out.weight":{"_type":"histogram","values":[1,0,0,0,0,1,0,0,1,1,0,0,0,1,0,0,2,2,1,0,3,1,1,0,3,2,1,1,0,5,1,117,17,2,1,1,1,1,1,1,1,2,3,3,0,1,2,2,1,2,1,0,2,0,1,0,0,0,0,0,0,0,0,1],"bins":[-900328.5,-871881.125,-843433.75,-814986.375,-786539,-758091.625,-729644.25,-701196.875,-672749.5,-644302.125,-615854.75,-587407.375,-558960,-530512.625,-502065.25,-473617.875,-445170.5,-416723.125,-388275.75,-359828.375,-331381,-302933.625,-274486.25,-246038.875,-217591.5,-189144.125,-160696.75,-132249.375,-103802,-75354.625,-46907.25,-18459.875,9987.5,38434.875,66882.25,95329.625,123777,152224.375,180671.75,209119.125,237566.5,266013.875,294461.25,322908.625,351356,379803.375,408250.75,436698.125,465145.5,493592.875,522040.25,550487.625,578935,607382.375,635829.75,664277.125,692724.5,721171.875,749619.25,778066.625,806514,834961.375,863408.75,891856.125,920303.5]},"val/total":2.7184424e+07,"gradients/layers.1.weight":{"bins":[-263044.4375,-254748.03125,-246451.640625,-238155.25,-229858.84375,-221562.4375,-213266.046875,-204969.65625,-196673.25,-188376.84375,-180080.453125,-171784.0625,-163487.65625,-155191.25,-146894.859375,-138598.46875,-130302.0625,-122005.6640625,-113709.265625,-105412.8671875,-97116.46875,-88820.0703125,-80523.671875,-72227.2734375,-63930.875,-55634.4765625,-47338.078125,-39041.6796875,-30745.28125,-22448.8828125,-14152.484375,-5856.0859375,2440.3125,10736.7109375,19033.109375,27329.5078125,35625.90625,43922.3046875,52218.703125,60515.1015625,68811.5,77107.8984375,85404.296875,93700.6953125,101997.09375,110293.4921875,118589.890625,126886.2890625,135182.6875,143479.09375,151775.484375,160071.875,168368.28125,176664.6875,184961.078125,193257.46875,201553.875,209850.28125,218146.671875,226443.0625,234739.46875,243035.875,251332.265625,259628.65625,267925.0625],"_type":"histogram","values":[1,1,0,0,0,2,2,2,3,3,2,5,5,6,10,13,14,14,17,17,27,37,42,44,44,62,100,111,153,239,389,1083,523,281,188,134,110,71,58,34,53,36,30,20,20,11,14,20,11,8,9,3,2,1,1,1,3,1,2,0,1,0,1,1]},"val/physics_loss":2887.478271484375,"gradients/layers.0.bias":{"_type":"histogram","values":[1,0,0,0,0,0,0,0,0,0,0,0,2,0,1,0,0,0,0,1,0,0,1,0,0,1,1,1,1,1,0,1,3,4,0,3,1,2,3,3,0,3,2,0,2,2,2,4,1,2,0,0,1,0,2,1,2,1,0,2,1,0,1,4],"bins":[-987146.25,-963434.8125,-939723.4375,-916012,-892300.625,-868589.1875,-844877.75,-821166.375,-797454.9375,-773743.5,-750032.125,-726320.6875,-702609.25,-678897.875,-655186.4375,-631475.0625,-607763.625,-584052.1875,-560340.8125,-536629.375,-512917.96875,-489206.5625,-465495.125,-441783.71875,-418072.3125,-394360.90625,-370649.5,-346938.0625,-323226.65625,-299515.25,-275803.8125,-252092.40625,-228380.9375,-204669.53125,-180958.109375,-157246.6875,-133535.28125,-109823.8671875,-86112.453125,-62401.0390625,-38689.625,-14978.2109375,8733.203125,32444.6171875,56156.03125,79867.4453125,103578.859375,127290.2734375,151001.6875,174713.09375,198424.515625,222135.9375,245847.34375,269558.75,293270.1875,316981.59375,340693,364404.40625,388115.8125,411827.25,435538.65625,459250.0625,482961.5,506672.90625,530384.3125]},"gradients/layers.2.bias":{"values":[1,0,2,0,1,2,3,1,1,0,1,0,0,1,0,0,0,0,2,0,2,2,1,1,1,2,0,0,0,2,2,2,1,1,3,0,0,3,0,0,2,0,3,0,1,1,1,0,3,1,2,1,2,1,2,0,0,2,0,1,1,0,0,2],