{"gradients/layers.1.weight":{"_type":"histogram","values":[2,0,0,1,0,2,2,2,1,1,3,0,1,6,6,7,5,12,15,19,24,20,30,29,48,55,66,68,81,87,140,177,225,281,422,420,382,300,217,175,133,109,98,66,56,55,33,43,33,25,17,16,17,10,10,6,8,9,6,4,2,2,1,5],"bins":[-673.2650146484375,-654.353271484375,-635.4415283203125,-616.52978515625,-597.6181030273438,-578.7063598632812,-559.7946166992188,-540.8828735351562,-521.9711303710938,-503.0594177246094,-484.1476745605469,-465.2359313964844,-446.32421875,-427.4124755859375,-408.500732421875,-389.5890197753906,-370.6772766113281,-351.7655334472656,-332.85382080078125,-313.94207763671875,-295.03033447265625,-276.1186218261719,-257.2068786621094,-238.29513549804688,-219.38340759277344,-200.4716796875,-181.5599365234375,-162.64820861816406,-143.73648071289062,-124.82473754882812,-105.91300964355469,-87.00127410888672,-68.08953857421875,-49.17780303955078,-30.266071319580078,-11.354337692260742,7.557395935058594,26.46912956237793,45.380863189697266,64.29259490966797,83.20433044433594,102.1160659790039,121.02780151367188,139.9395294189453,158.85125732421875,177.76300048828125,196.6747283935547,215.5864715576172,234.49819946289062,253.40992736816406,272.3216552734375,291.2333984375,310.1451416015625,329.0568542480469,347.9685974121094,366.8803405761719,385.79205322265625,404.70379638671875,423.61553955078125,442.52728271484375,461.4389953613281,480.3507385253906,499.2624816894531,518.1741943359375,537.0859375]},"train/physics_comp_1":4.64905309677124,"val/val_comp_0":1.0974763631820679,"train/physics_comp_2":335.0157470703125,"val/val_comp_2":327.33349609375,"_timestamp":1.7726798870323749e+09,"gradients/layers.2.bias":{"bins":[-1280.77392578125,-1242.1907958984375,-1203.6075439453125,-1165.0244140625,-1126.441162109375,-1087.8580322265625,-1049.2747802734375,-1010.691650390625,-972.1084594726562,-933.5252685546875,-894.9420776367188,-856.35888671875,-817.7757568359375,-779.1925659179688,-740.609375,-702.0261840820312,-663.4429931640625,-624.8598022460938,-586.276611328125,-547.6934204101562,-509.1102600097656,-470.5270690917969,-431.94390869140625,-393.3607177734375,-354.77752685546875,-316.1943359375,-277.61114501953125,-239.02798461914062,-200.44479370117188,-161.86160278320312,-123.27842712402344,-84.69524383544922,-46.1119384765625,-7.528755187988281,31.054428100585938,69.63761138916016,108.22079467773438,146.80398559570312,185.3871612548828,223.9703369140625,262.55352783203125,301.13671875,339.71990966796875,378.3030700683594,416.8862609863281,455.4694519042969,494.0526123046875,532.6358032226562,571.218994140625,609.8021850585938,648.3853759765625,686.9685668945312,725.5517578125,764.1348876953125,802.7180786132812,841.30126953125,879.8844604492188,918.4676513671875,957.0508422851562,995.634033203125,1034.2171630859375,1072.8004150390625,1111.383544921875,1149.966796875,1188.5499267578125],"_type":"histogram","values":[1,0,1,1,0,3,2,0,0,0,1,1,0,0,0,1,0,4,0,0,0,2,2,0,2,1,1,3,1,0,0,0,2,2,5,0,2,3,0,0,2,2,0,2,1,1,2,1,0,1,0,0,1,0,1,2,2,0,1,0,2,1,0,1]},"train/total":114.80369567871094,"gradients/out.weight":{"bins":[-1725.784423828125,-1667.6510009765625,-1609.5177001953125,-1551.38427734375,-1493.2509765625,-1435.1175537109375,-1376.9842529296875,-1318.850830078125,-1260.717529296875,-1202.5841064453125,-1144.4508056640625,-1086.3173828125,-1028.18408203125,-970.0506591796875,-911.9172973632812,-853.783935546875,-795.6505737304688,-737.5172119140625,-679.3838500976562,-621.25048828125,-563.1171264648438,-504.9837341308594,-446.8503723144531,-388.7170104980469,-330.5836486816406,-272.4502868652344,-214.31692504882812,-156.1835479736328,-98.05018615722656,-39.91682052612305,18.21654510498047,76.34991455078125,134.4832763671875,192.61663818359375,250.75,308.88336181640625,367.0167236328125,425.1501159667969,483.2834777832031,541.4168090820312,599.5501708984375,657.68359375,715.8169555664062,773.9503173828125,832.0836791992188,890.217041015625,948.3504028320312,1006.4837646484375,1064.6171875,1122.75048828125,1180.8839111328125,1239.0172119140625,1297.150634765625,1355.283935546875,1413.4173583984375,1471.5506591796875,1529.68408203125,1587.8173828125,1645.9508056640625,1704.0841064453125,1762.217529296875,1820.350830078125,1878.4842529296875,1936.6175537109375,1994.7509765625],"_type":"histogram","values":[1,0,0,1,1,1,1,0,0,0,1,3,1,1,1,2,1,2,3,3,3,1,2,5,4,3,7,15,14,26,20,12,7,5,9,3,4,6,0,2,4,1,2,3,1,1,0,0,0,0,2,1,2,0,0,1,0,0,1,0,0,0,0,2]},"_wandb":{"runtime":17},"gradients/layers.2.weight":{"bins":[-623.834228515625,-604.9881591796875,-586.1421508789062,-567.2960815429688,-548.4500732421875,-529.60400390625,-510.75799560546875,-491.9119567871094,-473.06591796875,-454.2198486328125,-435.3738098144531,-416.52777099609375,-397.6817321777344,-378.835693359375,-359.9896545410156,-341.14361572265625,-322.2975769042969,-303.4515380859375,-284.6054992675781,-265.75946044921875,-246.91342163085938,-228.06736755371094,-209.22132873535156,-190.3752899169922,-171.5292510986328,-152.68321228027344,-133.83717346191406,-114.99112701416016,-96.14508819580078,-77.2990493774414,-58.453006744384766,-39.606964111328125,-20.76092529296875,-1.9148845672607422,16.931156158447266,35.777198791503906,54.62323760986328,73.46927642822266,92.31532287597656,111.16136169433594,130.0074005126953,148.8534393310547,167.69947814941406,186.54551696777344,205.39157104492188,224.23760986328125,243.08364868164062,261.9296875,280.7757263183594,299.62176513671875,318.4678039550781,337.3138427734375,356.1598815917969,375.00592041015625,393.8519592285156,412.697998046875,431.5440673828125,450.3901062011719,469.23614501953125,488.0821838378906,506.92822265625,525.7742309570312,544.6203002929688,563.46630859375,582.3123779296875],"_type":"histogram","values":[1,0,2,2,3,6,5,4,8,1,6,13,9,18,18,23,29,16,28,33,37,46,47,65,57,85,103,113,153,163,228,229,418,517,252,210,187,151,120,100,95,64,61,50,50,36,41,28,16,20,18,21,12,12,18,11,11,5,11,2,2,4,1,1]},"train/data":1.226435661315918,"_runtime":17,"gradients/layers.0.weight":{"_type":"histogram","values":[1,0,0,0,0,0,1,0,0,0,2,0,1,0,1,0,2,4,1,1,1,5,4,2,1,4,3,3,2,2,4,5,2,10,5,2,2,5,3,5,3,6,6,5,1,4,5,4,2,0,1,1,0,2,1,1,0,0,0,0,1,0,0,1],"bins":[-1737.316162109375,-1684.2265625,-1631.136962890625,-1578.04736328125,-1524.957763671875,-1471.8681640625,-1418.7786865234375,-1365.6890869140625,-1312.5994873046875,-1259.5098876953125,-1206.4202880859375,-1153.3306884765625,-1100.2410888671875,-1047.1514892578125,-994.0619506835938,-940.9723510742188,-887.8827514648438,-834.7931518554688,-781.7035522460938,-728.614013671875,-675.5244140625,-622.434814453125,-569.34521484375,-516.255615234375,-463.1660461425781,-410.0764465332031,-356.98687744140625,-303.89727783203125,-250.8076934814453,-197.71810913085938,-144.62850952148438,-91.53892517089844,-38.4493408203125,14.640247344970703,67.7298355102539,120.81942749023438,173.9090118408203,226.99859619140625,280.08819580078125,333.1777648925781,386.2673645019531,439.3569641113281,492.446533203125,545.5361328125,598.625732421875,651.71533203125,704.8048706054688,757.8944702148438,810.9840698242188,864.0736694335938,917.1632690429688,970.2528076171875,1023.3424072265625,1076.4320068359375,1129.5216064453125,1182.6112060546875,1235.7008056640625,1288.7904052734375,1341.8800048828125,1394.969482421875,1448.05908203125,1501.148681640625,1554.23828125,1607.327880859375,1660.41748046875]},"val/data_loss":915416.5625,"val/physics_loss":111.02703094482422,"train/physics":113.57726287841797,"_step":999,"gradients/layers.1.bias":{"values":[2,2,0,1,0,0,2,1,0,0,0,2,1,2,2,1,1,0,1,2,7,1,0,2,4,1,0,1,0,0,4,0,2,1,2,1,1,1,1,3,0,1,0,0,2,2,2,1,0,1,0,0,0,0,0,0,0,0,0,1,0,0,0,2],