{"val/val_comp_1":581.7161254882812,"gradients/layers.2.bias":{"values":[1,0,1,0,3,2,1,1,1,1,1,0,1,0,1,1,2,0,2,0,0,0,3,1,1,0,0,0,2,0,3,1,1,3,0,0,0,0,1,0,1,1,1,1,2,1,1,0,1,2,4,2,0,1,2,1,2,0,0,2,1,2,0,1],"bins":[-3.8983712e+08,-3.77497344e+08,-3.65157568e+08,-3.52817792e+08,-3.40478048e+08,-3.28138272e+08,-3.15798496e+08,-3.0345872e+08,-2.91118944e+08,-2.78779168e+08,-2.66439408e+08,-2.54099632e+08,-2.41759872e+08,-2.29420096e+08,-2.1708032e+08,-2.0474056e+08,-1.92400784e+08,-1.80061008e+08,-1.67721248e+08,-1.55381472e+08,-1.43041696e+08,-1.30701928e+08,-1.1836216e+08,-1.06022384e+08,-9.3682616e+07,-8.1342848e+07,-6.9003072e+07,-5.6663304e+07,-4.4323532e+07,-3.198376e+07,-1.964399e+07,-7.304219e+06,5.035552e+06,1.7375324e+07,2.9715094e+07,4.2054864e+07,5.4394636e+07,6.6734408e+07,7.9074176e+07,9.1413952e+07,1.0375372e+08,1.16093488e+08,1.28433264e+08,1.4077304e+08,1.531128e+08,1.65452576e+08,1.77792352e+08,1.90132112e+08,2.02471888e+08,2.14811664e+08,2.27151424e+08,2.394912e+08,2.51830976e+08,2.64170736e+08,2.76510528e+08,2.88850272e+08,3.01190048e+08,3.13529824e+08,3.258696e+08,3.38209376e+08,3.50549152e+08,3.62888896e+08,3.75228672e+08,3.87568448e+08,3.99908224e+08],"_type":"histogram"},"train/total":206848.484375,"val/total":2.739609e+07,"val/data_loss":2.7181382e+07,"val/val_comp_2":581.7161254882812,"gradients/layers.0.bias":{"_type":"histogram","values":[1,0,0,2,1,0,0,1,0,0,1,2,0,0,2,0,1,0,2,1,0,1,1,0,1,1,3,3,1,2,0,4,2,2,1,2,1,0,1,4,3,1,0,0,2,0,1,1,0,1,2,3,2,0,0,1,1,1,0,0,0,0,0,1],"bins":[-3.3394208e+08,-3.23107264e+08,-3.12272416e+08,-3.014376e+08,-2.90602784e+08,-2.79767968e+08,-2.6893312e+08,-2.58098304e+08,-2.47263488e+08,-2.36428656e+08,-2.25593824e+08,-2.14759008e+08,-2.03924176e+08,-1.9308936e+08,-1.82254528e+08,-1.71419712e+08,-1.6058488e+08,-1.49750048e+08,-1.38915232e+08,-1.28080408e+08,-1.17245584e+08,-1.06410752e+08,-9.5575928e+07,-8.4741104e+07,-7.390628e+07,-6.3071456e+07,-5.2236632e+07,-4.1401804e+07,-3.056698e+07,-1.9732156e+07,-8.89733e+06,1.937495e+06,1.277232e+07,2.3607144e+07,3.4441968e+07,4.5276796e+07,5.611162e+07,6.6946444e+07,7.7781272e+07,8.8616096e+07,9.945092e+07,1.10285744e+08,1.21120568e+08,1.31955392e+08,1.42790224e+08,1.5362504e+08,1.64459872e+08,1.75294688e+08,1.8612952e+08,1.96964352e+08,2.07799168e+08,2.18634e+08,2.29468816e+08,2.40303648e+08,2.51138464e+08,2.61973296e+08,2.72808128e+08,2.83642944e+08,2.9447776e+08,3.05312608e+08,3.16147424e+08,3.2698224e+08,3.37817056e+08,3.48651904e+08,3.5948672e+08]},"gradients/layers.1.bias":{"_type":"histogram","values":[1,0,1,0,0,1,0,0,1,0,0,0,0,0,0,1,0,1,0,0,2,1,2,1,0,2,3,5,5,3,3,4,2,6,3,4,0,2,1,0,1,2,0,1,1,1,0,0,0,0,0,0,0,0,0,0,0,0,1,0,0,0,0,2],"bins":[-4.56171488e+08,-4.4086432e+08,-4.2555712e+08,-4.10249952e+08,-3.94942784e+08,-3.79635616e+08,-3.64328416e+08,-3.49021248e+08,-3.3371408e+08,-3.1840688e+08,-3.03099712e+08,-2.87792544e+08,-2.72485376e+08,-2.57178192e+08,-2.41871008e+08,-2.2656384e+08,-2.11256656e+08,-1.95949472e+08,-1.80642304e+08,-1.6533512e+08,-1.50027952e+08,-1.34720768e+08,-1.19413592e+08,-1.04106416e+08,-8.879924e+07,-7.3492064e+07,-5.8184888e+07,-4.2877708e+07,-2.7570532e+07,-1.2263355e+07,3.043822e+06,1.8351e+07,3.3658176e+07,4.8965352e+07,6.4272528e+07,7.9579704e+07,9.488688e+07,1.10194064e+08,1.2550124e+08,1.40808416e+08,1.56115584e+08,1.71422768e+08,1.86729952e+08,2.0203712e+08,2.17344304e+08,2.32651472e+08,2.47958656e+08,2.63265824e+08,2.78572992e+08,2.93880192e+08,3.0918736e+08,3.24494528e+08,3.39801728e+08,3.55108896e+08,3.70416064e+08,3.85723232e+08,4.01030432e+08,4.163376e+08,4.31644768e+08,4.46951968e+08,4.62259136e+08,4.77566304e+08,4.92873472e+08,5.08180672e+08,5.2348784e+08]},"_runtime":14,"train/physics_comp_0":4.15839958190918,"gradients/layers.2.weight":{"_type":"histogram","values":[1,0,1,0,4,2,1,2,4,3,3,2,4,8,4,10,16,20,31,35,61,48,69,62,60,104,95,162,188,225,338,841,396,225,199,175,112,82,78,73,74,53,53,38,34,21,15,13,11,6,9,4,3,1,2,4,3,1,1,2,1,2,0,1],"bins":[-1.40733472e+08,-1.3628e+08,-1.31826528e+08,-1.27373048e+08,-1.22919576e+08,-1.18466104e+08,-1.14012624e+08,-1.09559152e+08,-1.0510568e+08,-1.00652208e+08,-9.6198736e+07,-9.1745256e+07,-8.7291784e+07,-8.2838312e+07,-7.8384832e+07,-7.393136e+07,-6.9477888e+07,-6.5024416e+07,-6.057094e+07,-5.6117464e+07,-5.1663992e+07,-4.721052e+07,-4.2757044e+07,-3.8303568e+07,-3.3850096e+07,-2.9396622e+07,-2.4943148e+07,-2.0489674e+07,-1.60362e+07,-1.1582726e+07,-7.129252e+06,-2.675778e+06,1.777712e+06,6.231186e+06,1.068466e+07,1.5138134e+07,1.9591608e+07,2.4045082e+07,2.8498556e+07,3.295203e+07,3.7405504e+07,4.1858976e+07,4.6312452e+07,5.0765928e+07,5.52194e+07,5.9672872e+07,6.4126348e+07,6.8579824e+07,7.3033296e+07,7.7486768e+07,8.194024e+07,8.639372e+07,9.0847192e+07,9.5300664e+07,9.9754144e+07,1.04207616e+08,1.08661088e+08,1.1311456e+08,1.17568032e+08,1.22021512e+08,1.26474984e+08,1.30928456e+08,1.35381936e+08,1.39835408e+08,1.4428888e+08]},"gradients/layers.0.weight":{"values":[1,0,0,2,1,0,0,1,1,0,2,4,0,1,2,1,3,0,3,2,2,1,3,1,1,3,4,6,4,4,1,9,5,3,4,2,4,3,4,4,4,2,2,0,4,3,4,1,1,1,4,3,2,0,1,1,1,1,0,0,0,0,0,1],"bins":[-3.03619616e+08,-2.93771872e+08,-2.8392416e+08,-2.74076416e+08,-2.64228688e+08,-2.5438096e+08,-2.44533216e+08,-2.34685488e+08,-2.2483776e+08,-2.14990032e+08,-2.05142304e+08,-1.9529456e+08,-1.85446832e+08,-1.75599104e+08,-1.6575136e+08,-1.55903632e+08,-1.46055904e+08,-1.36208176e+08,-1.2636044e+08,-1.16512704e+08,-1.06664976e+08,-9.6817248e+07,-8.6969512e+07,-7.7121776e+07,-6.7274048e+07,-5.7426316e+07,-4.7578584e+07,-3.7730852e+07,-2.788312e+07,-1.8035388e+07,-8.187656e+06,1.660076e+06,1.150784e+07,2.1355572e+07,3.1203304e+07,4.1051036e+07,5.0898768e+07,6.07465e+07,7.0594232e+07,8.0441968e+07,9.0289696e+07,1.00137424e+08,1.0998516e+08,1.19832896e+08,1.29680624e+08,1.39528352e+08,1.49376096e+08,1.59223824e+08,1.69071552e+08,1.7891928e+08,1.88767008e+08,1.98614752e+08,2.0846248e+08,2.18310208e+08,2.28157952e+08,2.3800568e+08,2.47853408e+08,2.57701136e+08,2.67548864e+08,2.77396608e+08,2.87244352e+08,2.97092064e+08,3.06939808e+08,3.1678752e+08,3.26635264e+08],"_type":"histogram"},"gradients/layers.1.weight":{"_type":"histogram","values":[2,0,0,2,2,7,1,3,3,7,3,4,7,9,5,8,6,10,15,12,21,13,19,36,36,58,59,97,148,262,460,1273,586,273,159,115,80,46,38,34,21,25,21,19,11,16,7,9,4,1,10,3,4,1,4,0,7,2,1,1,1,3,3,3],"bins":[-1.94701856e+08,-1.88543984e+08,-1.82386128e+08,-1.76228256e+08,-1.700704e+08,-1.63912528e+08,-1.57754672e+08,-1.515968e+08,-1.45438944e+08,-1.39281072e+08,-1.33123208e+08,-1.26965344e+08,-1.2080748e+08,-1.14649616e+08,-1.08491752e+08,-1.02333888e+08,-9.6176024e+07,-9.001816e+07,-8.3860296e+07,-7.7702432e+07,-7.1544568e+07,-6.53867e+07,-5.9228836e+07,-5.3070972e+07,-4.6913108e+07,-4.0755244e+07,-3.459738e+07,-2.8439514e+07,-2.228165e+07,-1.6123786e+07,-9.965921e+06,-3.8080565e+06,2.349808e+06,8.507672e+06,1.4665537e+07,2.0823402e+07,2.6981266e+07,3.313913e+07,3.9296996e+07,4.545486e+07,5.1612724e+07,5.7770588e+07,6.3928452e+07,7.008632e+07,7.6244184e+07,8.2402048e+07,8.8559912e+07,9.4717776e+07,1.0087564e+08,1.07033504e+08,1.13191368e+08,1.19349232e+08,1.25507096e+08,1.3166496e+08,1.37822832e+08,1.43980688e+08,1.5013856e+08,1.56296416e+08,1.62454288e+08,1.68612144e+08,1.74770016e+08,1.80927872e+08,1.87085744e+08,1.932436e+08,1.99401472e+08]},"val/physics_loss":214708.75,