{"_runtime":90,"train/physics_comp_2":2.9264940692996788e-08,"_step":7000,"gradients/layers.0.bias":{"bins":[-0.001263006473891437,-0.0012131583644077182,-0.0011633102549239993,-0.0011134621454402804,-0.0010636140359565616,-0.0010137659264728427,-0.0009639178751967847,-0.0009140697657130659,-0.000864221656229347,-0.0008143735467456281,-0.0007645254372619092,-0.0007146773277781904,-0.0006648292765021324,-0.0006149811670184135,-0.0005651330575346947,-0.0005152849480509758,-0.00046543683856725693,-0.00041558872908353806,-0.0003657406195998192,-0.00031589253921993077,-0.0002660444297362119,-0.00021619632025249302,-0.00016634822532068938,-0.00011650012311292812,-6.665202090516686e-05,-1.6803918697405607e-05,3.304418351035565e-05,8.289228571811691e-05,0.00013274038792587817,0.00018258849740959704,0.00023243659234140068,0.0002822846872732043,0.0003321327967569232,0.00038198090624064207,0.00043182901572436094,0.00048167709610424936,0.0005315252346917987,0.0005813732859678566,0.0006312213954515755,0.0006810695049352944,0.0007309176144190133,0.0007807657239027321,0.000830613833386451,0.0008804619428701699,0.0009303099941462278,0.0009801581036299467,0.0010300062131136656,0.0010798543225973845,0.0011297024320811033,0.0011795505415648222,0.001229398651048541,0.00127924676053226,0.0013290948700159788,0.0013789429794996977,0.0014287910889834166,0.0014786391984671354,0.0015284873079508543,0.0015783353010192513,0.0016281834105029702,0.001678031519986689,0.001727879629470408,0.0017777277389541268,0.0018275758484378457,0.0018774239579215646,0.0019272720674052835],"_type":"histogram","values":[1,1,0,1,0,0,1,2,2,0,2,1,0,0,1,3,2,3,0,3,0,2,3,4,3,0,1,2,0,0,1,4,1,4,1,2,3,2,1,1,1,1,2,0,0,0,0,1,0,0,0,0,0,0,0,0,0,0,0,0,0,0,0,1]},"gradients/layers.2.weight":{"values":[1,0,0,0,0,1,0,1,0,2,0,2,3,2,3,6,6,9,16,27,35,43,42,65,89,109,172,279,420,577,635,444,317,216,132,114,90,67,52,25,21,14,17,12,6,6,3,4,5,1,0,1,1,2,0,0,0,0,0,0,0,0,0,1],"bins":[-0.0012642061337828636,-0.0012223493540659547,-0.001180492457933724,-0.001138635678216815,-0.0010967787820845842,-0.0010549220023676753,-0.0010130652226507664,-0.0009712083265185356,-0.0009293515468016267,-0.0008874947088770568,-0.000845637870952487,-0.0008037810330279171,-0.0007619241951033473,-0.0007200673571787775,-0.0006782105774618685,-0.0006363537395372987,-0.0005944969016127288,-0.000552640063688159,-0.0005107832257635891,-0.00046892641694284976,-0.00042706960812211037,-0.0003852127701975405,-0.0003433559322729707,-0.0003014991234522313,-0.00025964228552766144,-0.00021778546215500683,-0.0001759286387823522,-0.00013407180085778236,-9.221497748512775e-05,-5.035815047449432e-05,-8.5013234638609e-06,3.3355503546772525e-05,7.521233055740595e-05,0.00011706915393006057,0.00015892597730271518,0.00020078281522728503,0.00024263963859993964,0.00028449646197259426,0.0003263532998971641,0.0003682101087179035,0.00041006694664247334,0.0004519237845670432,0.0004937805933877826,0.0005356374313123524,0.0005774942692369223,0.0006193511071614921,0.000661207886878401,0.0007030647248029709,0.0007449215627275407,0.0007867784006521106,0.0008286352385766804,0.0008704920182935894,0.0009123488562181592,0.000954205694142729,0.0009960625320672989,0.0010379193117842078,0.0010797762079164386,0.0011216329876333475,0.0011634898837655783,0.0012053466634824872,0.0012472034431993961,0.001289060339331627,0.0013309171190485358,0.0013727740151807666,0.0014146307948976755],"_type":"histogram"},"_wandb":{"runtime":90},"val/total":91.5816421508789,"train/total":0.0015715353656560183,"gradients/out.weight":{"_type":"histogram","values":[1,0,0,0,0,0,0,0,1,1,1,1,3,2,4,4,2,2,4,5,8,4,9,5,3,4,6,6,6,4,12,15,10,5,5,5,8,4,2,5,4,1,3,2,2,3,1,2,7,4,2,3,0,0,0,0,0,0,0,0,0,0,0,1],"bins":[-0.0024713114835321903,-0.0023920529056340456,-0.002312794327735901,-0.002233535749837756,-0.0021542771719396114,-0.0020750185940414667,-0.001995760016143322,-0.0019165013218298554,-0.0018372427439317107,-0.001757984166033566,-0.0016787255881354213,-0.0015994670102372766,-0.00152020831592381,-0.0014409497380256653,-0.0013616911601275206,-0.0012824325822293758,-0.0012031740043312311,-0.0011239154264330864,-0.0010446568485349417,-0.000965398212429136,-0.0008861396345309913,-0.0008068810566328466,-0.000727622420527041,-0.0006483638426288962,-0.0005691052647307515,-0.0004898466868326068,-0.0004105880798306316,-0.00033132947282865644,-0.0002520708949305117,-0.00017281230248045176,-9.355371003039181e-05,-1.4295117580331862e-05,6.496347486972809e-05,0.00014422206731978804,0.000223480659769848,0.00030273926677182317,0.0003819978446699679,0.0004612564225681126,0.0005405150586739182,0.000619773636572063,0.0006990322144702077,0.0007782907923683524,0.0008575493702664971,0.0009368080063723028,0.0010160666424781084,0.0010953252203762531,0.0011745837982743979,0.0012538423761725426,0.0013331009540706873,0.001412359531968832,0.0014916181098669767,0.0015708766877651215,0.0016501352656632662,0.0017293939599767327,0.0018086525378748775,0.0018879111157730222,0.0019671698100864887,0.0020464283879846334,0.002125686965882778,0.002204945543780923,0.0022842041216790676,0.0023634626995772123,0.002442721277475357,0.0025219798553735018,0.0026012384332716465]},"gradients/out.bias":{"_type":"histogram","values":[1,0,0,0,0,0,0,0,0,0,0,0,0,0,0,0,0,0,0,0,0,0,0,0,1,0,0,0,0,0,0,0,0,0,0,0,0,0,0,0,0,0,0,0,0,0,0,0,0,0,0,0,0,0,0,0,0,0,0,0,0,0,0,1],"bins":[-0.0007921573123894632,-0.0007574879564344883,-0.0007228186586871743,-0.0006881493027321994,-0.0006534800049848855,-0.0006188106490299106,-0.0005841413512825966,-0.0005494719953276217,-0.0005148026393726468,-0.00048013334162533283,-0.0004454640147741884,-0.00041079468792304397,-0.0003761253319680691,-0.00034145600511692464,-0.0003067866782657802,-0.0002721173514146358,-0.00023744802456349134,-0.0002027786977123469,-0.00016810937086120248,-0.00013344002945814282,-9.877070260699838e-05,-6.410137575585395e-05,-2.9432041628751904e-05,5.237288860371336e-06,3.9906619349494576e-05,7.457594620063901e-05,0.00010924528032774106,0.0001439146144548431,0.00017858394130598754,0.00021325326815713197,0.00024792260956019163,0.00028259193641133606,0.0003172612050548196,0.000351930531905964,0.00038659985875710845,0.0004212691856082529,0.0004559385124593973,0.0004906078684143722,0.0005252771661616862,0.0005599465221166611,0.000594615819863975,0.0006292851758189499,0.0006639545317739248,0.0006986238295212388,0.0007332931854762137,0.0007679624832235277,0.0008026318391785026,0.0008373011369258165,0.0008719704928807914,0.0009066398488357663,0.0009413091465830803,0.0009759785025380552,0.00101064785849303,0.001045317156240344,0.001079986453987658,0.001114655751734972,0.0011493251658976078,0.0011839944636449218,0.0012186637613922358,0.0012533331755548716,0.0012880024733021855,0.0013226717710494995,0.0013573410687968135,0.0013920104829594493,0.0014266797807067633]},"gradients/layers.0.weight":{"_type":"histogram","values":[1,0,0,0,0,0,0,0,1,0,0,0,0,0,0,0,0,0,0,0,0,1,1,1,1,3,0,2,3,3,1,3,3,4,9,1,3,7,4,5,8,7,9,4,3,4,5,6,2,1,6,3,1,1,1,1,2,0,3,0,2,0,1,1],