{"val/val_comp_1":0.7976536750793457,"_runtime":15,"_wandb":{"runtime":15},"gradients/out.weight":{"_type":"histogram","values":[1,0,0,0,0,0,0,1,1,0,2,4,0,1,1,1,0,0,1,2,2,4,0,3,2,3,2,8,9,24,23,23,27,9,8,6,5,3,0,0,0,4,3,1,1,0,1,1,0,0,0,0,0,0,0,1,0,0,1,1,0,1,0,1],"bins":[-7.779007434844971,-7.530581951141357,-7.282155990600586,-7.033730506896973,-6.785305023193359,-6.536879539489746,-6.288454055786133,-6.040028095245361,-5.791602611541748,-5.543177127838135,-5.294751167297363,-5.04632568359375,-4.797900199890137,-4.549474716186523,-4.30104923248291,-4.052623271942139,-3.8041977882385254,-3.555772304534912,-3.3073465824127197,-3.0589208602905273,-2.810495376586914,-2.562069892883301,-2.3136441707611084,-2.065218448638916,-1.8167929649353027,-1.5683673620224,-1.319941759109497,-1.0715161561965942,-0.8230905532836914,-0.5746649503707886,-0.32623934745788574,-0.07781374454498291,0.17061233520507812,0.41903793811798096,0.6674635410308838,0.9158891439437866,1.1643147468566895,1.4127403497695923,1.6611659526824951,1.909591555595398,2.158017158508301,2.406442642211914,2.6548683643341064,2.903294086456299,3.151719570159912,3.4001450538635254,3.6485707759857178,3.89699649810791,4.145421981811523,4.393847465515137,4.64227294921875,4.8906989097595215,5.139124393463135,5.387549877166748,5.6359758377075195,5.884401321411133,6.132826805114746,6.381252288818359,6.629677772521973,6.878103733062744,7.126529216766357,7.374954700469971,7.623380661010742,7.8718061447143555,8.120231628417969]},"gradients/layers.0.weight":{"_type":"histogram","values":[1,1,0,0,0,0,2,1,0,0,1,1,0,0,0,0,3,3,1,0,2,3,3,1,2,2,6,2,4,5,5,4,7,4,3,6,2,9,6,3,1,2,6,0,4,2,2,3,1,0,0,3,2,1,0,2,0,1,1,0,1,0,1,2],"bins":[-1.31205415725708,-1.2739557027816772,-1.235857367515564,-1.1977589130401611,-1.1596604585647583,-1.121562123298645,-1.0834636688232422,-1.0453652143478394,-1.0072667598724365,-0.9691684246063232,-0.9310699701309204,-0.8929715752601624,-0.8548731803894043,-0.8167747259140015,-0.7786763310432434,-0.7405778765678406,-0.7024794816970825,-0.6643810868263245,-0.6262826323509216,-0.5881842374801636,-0.5500857830047607,-0.5119873881340027,-0.47388899326324463,-0.4357905685901642,-0.39769214391708374,-0.3595937192440033,-0.32149529457092285,-0.2833968997001648,-0.24529847502708435,-0.2072000503540039,-0.16910164058208466,-0.1310032308101654,-0.09290480613708496,-0.054806388914585114,-0.016707971692085266,0.02139044553041458,0.05948886275291443,0.09758727997541428,0.13568569719791412,0.17378410696983337,0.21188253164291382,0.24998095631599426,0.2880793809890747,0.32617777585983276,0.3642762005329132,0.40237462520599365,0.4404730200767517,0.47857144474983215,0.5166698694229126,0.5547682642936707,0.5928667187690735,0.6309651136398315,0.6690635681152344,0.7071619629859924,0.7452603578567505,0.7833588123321533,0.8214572072029114,0.8595556020736694,0.8976540565490723,0.9357524514198303,0.9738508462905884,1.0119493007659912,1.050047755241394,1.0881460905075073,1.1262445449829102]},"val/val_comp_0":1.4244706630706787,"gradients/out.bias":{"_type":"histogram","values":[1,0,0,0,0,0,0,0,0,0,0,0,0,0,0,0,0,0,0,0,0,0,0,0,0,1,0,0,0,0,0,0,0,0,0,0,0,0,0,0,0,0,0,0,0,0,0,0,0,0,0,0,0,0,0,0,0,0,0,0,0,0,0,1],"bins":[-3.5130865573883057,-3.2421538829803467,-2.9712212085723877,-2.7002885341644287,-2.4293556213378906,-2.1584229469299316,-1.8874902725219727,-1.6165575981140137,-1.3456249237060547,-1.0746922492980957,-0.8037595152854919,-0.5328267812728882,-0.2618941068649292,0.009038597345352173,0.27997130155563354,0.5509040355682373,0.8218367099761963,1.0927693843841553,1.3637020587921143,1.6346348524093628,1.9055675268173218,2.1765003204345703,2.4474329948425293,2.7183656692504883,2.9892983436584473,3.2602310180664062,3.5311636924743652,3.802096366882324,4.073029041290283,4.343961715698242,4.614894390106201,4.88582706451416,5.156760215759277,5.427692890167236,5.698625564575195,5.969558238983154,6.240490913391113,6.511423587799072,6.782356262207031,7.05328893661499,7.324221611022949,7.595154762268066,7.866087436676025,8.137020111083984,8.407952308654785,8.678885459899902,8.949817657470703,9.22075080871582,9.491683959960938,9.762616157531738,10.033549308776855,10.304481506347656,10.575414657592773,10.846346855163574,11.117280006408691,11.388212203979492,11.65914535522461,11.93007755279541,12.201010704040527,12.471942901611328,12.742876052856445,13.013808250427246,13.284741401672363,13.555673599243164,13.826606750488281]},"_timestamp":1.7726802063557875e+09,"gradients/layers.1.bias":{"_type":"histogram","values":[1,0,0,0,1,0,0,0,0,1,0,1,0,1,0,1,1,0,0,3,2,3,2,1,0,3,1,3,1,4,4,1,2,2,1,0,1,3,5,0,1,3,1,0,3,0,1,1,1,0,0,1,0,0,1,0,0,0,0,0,1,0,0,1],"bins":[-5.32239294052124,-5.160082817077637,-4.997772693634033,-4.83546257019043,-4.673152446746826,-4.510842323303223,-4.348532199859619,-4.186222076416016,-4.023911952972412,-3.8616018295288086,-3.699291706085205,-3.5369815826416016,-3.374671459197998,-3.2123613357543945,-3.050051212310791,-2.8877410888671875,-2.725430965423584,-2.5631208419799805,-2.400810718536377,-2.2385005950927734,-2.07619047164917,-1.9138803482055664,-1.751570224761963,-1.5892601013183594,-1.4269499778747559,-1.2646398544311523,-1.1023297309875488,-0.9400196075439453,-0.7777094841003418,-0.6153993606567383,-0.45308923721313477,-0.29077911376953125,-0.12846851348876953,0.033841609954833984,0.1961517333984375,0.358461856842041,0.5207719802856445,0.683082103729248,0.8453922271728516,1.007702350616455,1.1700124740600586,1.332322597503662,1.4946327209472656,1.6569428443908691,1.8192529678344727,1.9815630912780762,2.1438732147216797,2.306183338165283,2.4684934616088867,2.6308035850524902,2.7931137084960938,2.9554238319396973,3.117733955383301,3.2800440788269043,3.442354202270508,3.6046643257141113,3.766974449157715,3.9292845726013184,4.091594696044922,4.253904819488525,4.416214942932129,4.578525066375732,4.740835189819336,4.9031453132629395,5.065455436706543]},"gradients/layers.0.bias":{"_type":"histogram","values":[1,1,1,0,0,1,1,0,0,0,0,0,0,3,3,0,1,2,0,0,1,1,0,1,0,1,2,3,1,1,3,0,2,0,2,3,2,1,1,4,2,2,1,1,2,0,1,0,1,2,0,1,1,0,1,0,1,0,2,0,0,2,0,1],"bins":[-3.7383346557617188,-3.6246352195739746,-3.5109355449676514,-3.3972361087799072,-3.283536672592163,-3.16983699798584,-3.0561375617980957,-2.9424381256103516,-2.8287384510040283,-2.715039014816284,-2.60133957862854,-2.487639904022217,-2.3739404678344727,-2.2602410316467285,-2.1465413570404053,-2.032841920852661,-1.9191423654556274,-1.8054428100585938,-1.6917433738708496,-1.578043818473816,-1.4643442630767822,-1.350644826889038,-1.2369452714920044,-1.1232457160949707,-1.0095462799072266,-0.8958467245101929,-0.7821471691131592,-0.6684476733207703,-0.5547481775283813,-0.44104862213134766,-0.32734912633895874,-0.21364960074424744,-0.09995007514953613,0.013749442994594574,0.12744896113872528,0.2411484718322754,0.3548479974269867,0.468547523021698,0.5822470188140869,0.6959465742111206,0.8096460700035095,0.9233455657958984,1.0370451211929321,1.1507446765899658,1.26444411277771,1.3781436681747437,1.4918432235717773,1.6055426597595215,1.7192422151565552,1.8329417705535889,1.946641206741333,2.0603408813476562,2.1740403175354004,2.2877397537231445,2.4014394283294678,2.515138864517212,2.628838300704956,2.7425379753112793,2.8562374114990234,2.9699368476867676,3.083636522293091,3.197335958480835,3.311035394668579,3.4247350692749023,3.5384345054626465]},"train/physics":1.0392869710922241,"train/total":2.306884765625,"gradients/layers.2.weight":{"_type":"histogram","values":[1,1,0,0,2,2,0,4,6,9,9,10,10,10,17,15,17,39,39,48,42,52,63,91,112,139,182,247,285,397,452,356,293,225,167,145,110,90,84,44,48,40,32,26,24,16,7,14,18,8,9,6,8,5,5,2,2,5,3,0,0,2,0,1],