{"_runtime":683,"val/total":0.00039872966590337455,"val/mse_P_bh":0.0002965141902677715,"gradients/main_layers.3.weight":{"bins":[-0.0005753593286499381,-0.000557645398657769,-0.0005399314104579389,-0.0005222174804657698,-0.0005045034922659397,-0.0004867895331699401,-0.0004690755740739405,-0.0004513616149779409,-0.0004336476558819413,-0.0004159337258897722,-0.0003982197667937726,-0.000380505807697773,-0.0003627918486017734,-0.0003450778895057738,-0.0003273639304097742,-0.0003096499713137746,-0.000291936012217775,-0.0002742220531217754,-0.0002565080940257758,-0.0002387941349297762,-0.0002210801758337766,-0.00020336623128969222,-0.00018565227219369262,-0.00016793831309769303,-0.00015022435400169343,-0.00013251039490569383,-0.00011479643580969423,-9.708248398965225e-05,-7.936852489365265e-05,-6.165456579765305e-05,-4.394061033963226e-05,-2.6226653062622063e-05,-8.512695785611868e-06,9.201261491398327e-06,2.6915218768408522e-05,4.4629174226429313e-05,6.234313332242891e-05,8.005709241842851e-05,9.77710442384705e-05,0.0001154850033344701,0.0001331989624304697,0.0001509129215264693,0.0001686268806224689,0.0001863408397184685,0.00020405478426255286,0.00022176874335855246,0.00023948270245455205,0.00025719666155055165,0.00027491062064655125,0.00029262457974255085,0.00031033853883855045,0.00032805249793455005,0.00034576645703054965,0.00036348041612654924,0.00038119437522254884,0.00039890833431854844,0.0004166222643107176,0.0004343362234067172,0.0004520501825027168,0.0004697641415987164,0.000487478100694716,0.000505192088894546,0.0005229060188867152,0.0005406200070865452,0.0005583339370787144],"_type":"histogram","values":[1,0,1,0,1,1,0,0,2,1,1,4,2,1,2,6,3,2,6,18,8,28,39,26,50,66,84,94,154,197,335,538,686,528,299,254,159,119,96,76,46,41,30,30,18,8,13,4,4,5,1,3,1,0,1,0,0,0,1,1,0,0,0,1]},"gradients/main_layers.3.bias":{"values":[1,0,0,0,0,0,0,0,0,0,0,0,1,0,0,0,0,0,0,0,1,1,0,0,2,1,0,2,1,0,1,0,1,3,0,3,3,3,1,3,2,2,3,2,3,4,3,2,4,1,1,0,1,0,0,1,0,2,2,0,1,1,0,1],"bins":[-0.0011025834828615189,-0.0010776349809020758,-0.0010526864789426327,-0.0010277379769831896,-0.0010027894750237465,-0.0009778409730643034,-0.0009528924711048603,-0.0009279439691454172,-0.0009029954671859741,-0.000878046965226531,-0.0008530984632670879,-0.0008281499613076448,-0.0008032014593482018,-0.0007782529573887587,-0.0007533044554293156,-0.0007283559534698725,-0.0007034074515104294,-0.0006784589495509863,-0.0006535104475915432,-0.0006285619456321001,-0.000603613443672657,-0.0005786649417132139,-0.0005537164397537708,-0.0005287679377943277,-0.0005038194358348846,-0.00047887093387544155,-0.00045392243191599846,-0.00042897392995655537,-0.0004040254279971123,-0.0003790769260376692,-0.0003541284240782261,-0.000329179922118783,-0.0003042314201593399,-0.0002792829181998968,-0.0002543344162404537,-0.00022938591428101063,-0.00020443741232156754,-0.00017948891036212444,-0.00015454040840268135,-0.00012959190644323826,-0.00010464340448379517,-7.969490252435207e-05,-5.474640056490898e-05,-2.979789860546589e-05,-4.849396646022797e-06,2.0099105313420296e-05,4.504760727286339e-05,6.999610923230648e-05,9.494461119174957e-05,0.00011989311315119267,0.00014484161511063576,0.00016979011707007885,0.00019473861902952194,0.00021968712098896503,0.0002446356229484081,0.0002695841249078512,0.0002945326268672943,0.0003194811288267374,0.0003444296307861805,0.0003693781327456236,0.0003943266347050667,0.0004192751366645098,0.00044422363862395287,0.00046917214058339596,0.000494120642542839],"_type":"histogram"},"gradients/main_layers.2.bias":{"_type":"histogram","values":[1,1,0,0,0,1,0,0,0,0,0,1,1,0,2,0,2,1,1,0,1,2,1,1,2,1,1,2,2,2,2,0,4,6,3,2,2,2,1,0,4,2,4,1,0,0,0,0,0,0,0,0,0,0,0,1,0,0,1,2,0,0,0,1],"bins":[-0.0007775069680064917,-0.0007542399689555168,-0.0007309729116968811,-0.0007077059126459062,-0.0006844388553872705,-0.0006611718563362956,-0.0006379047990776598,-0.000614637800026685,-0.0005913707427680492,-0.0005681037437170744,-0.0005448367446660995,-0.0005215696874074638,-0.0004983026883564889,-0.00047503566020168364,-0.00045176863204687834,-0.00042850160389207304,-0.00040523457573726773,-0.00038196754758246243,-0.00035870051942765713,-0.0003354334912728518,-0.0003121664631180465,-0.0002888994640670717,-0.0002656324359122664,-0.00024236540775746107,-0.00021909837960265577,-0.00019583135144785047,-0.00017256432329304516,-0.0001492973096901551,-0.00012603028153534979,-0.00010276325338054448,-7.94962325016968e-05,-5.62292079848703e-05,-3.2962183468043804e-05,-9.695158951217309e-06,1.3571865565609187e-05,3.683889008243568e-05,6.010591459926218e-05,8.337294275406748e-05,0.00010663996363291517,0.00012990698451176286,0.00015317401266656816,0.00017644104082137346,0.00019970806897617877,0.00022297508257906884,0.0002462420961819589,0.0002695091243367642,0.0002927761524915695,0.0003160431806463748,0.0003393102088011801,0.0003625772369559854,0.00038584426511079073,0.00040911129326559603,0.00043237832142040133,0.0004556453204713762,0.0004789123486261815,0.0005021793767809868,0.0005254463758319616,0.0005487134330905974,0.0005719804321415722,0.000595247489400208,0.0006185144884511828,0.0006417815457098186,0.0006650485447607934,0.0006883156020194292,0.000711582601070404]},"val/mae_P_tb_b":0.013547897338867188,"gradients/output_layer.weight":{"bins":[-0.0009420353453606367,-0.0009082045289687812,-0.0008743737125769258,-0.0008405428961850703,-0.0008067120797932148,-0.0007728812634013593,-0.0007390504470095038,-0.0007052196306176484,-0.0006713888142257929,-0.0006375580560415983,-0.0006037272396497428,-0.0005698964232578874,-0.0005360656068660319,-0.0005022347904741764,-0.00046840397408232093,-0.00043457315769046545,-0.00040074234129860997,-0.0003669115249067545,-0.000333080708514899,-0.00029924989212304354,-0.00026541907573118806,-0.0002315882738912478,-0.00019775747205130756,-0.00016392665565945208,-0.0001300958392675966,-9.626502287574112e-05,-6.243421375984326e-05,-2.860340100596659e-05,5.227411747910082e-06,3.9058224501786754e-05,7.288903725566342e-05,0.00010671984637156129,0.00014055066276341677,0.00017438147915527225,0.00020821229554712772,0.00024204309738706797,0.0002758739283308387,0.0003097047156188637,0.0003435355320107192,0.00037736634840257466,0.00041119716479443014,0.0004450279811862856,0.0004788587975781411,0.0005126895848661661,0.0005465204012580216,0.0005803512176498771,0.0006141820340417325,0.000648012850433588,0.0006818436668254435,0.000715674483217299,0.0007495052996091545,0.0007833361160010099,0.0008171669323928654,0.0008509977487847209,0.0008848285651765764,0.0009186593815684319,0.0009524901397526264,0.0009863210143521428,0.0010201517725363374,0.0010539826471358538,0.0010878134053200483,0.0011216442799195647,0.0011554750381037593,0.0011893059127032757,0.0012231366708874702],"_type":"histogram","values":[1,0,1,1,0,0,1,2,0,0,2,2,7,8,4,6,6,4,3,1,6,6,6,2,1,1,4,3,1,3,4,6,3,4,0,1,2,1,0,5,3,3,1,1,1,2,2,1,2,2,0,1,0,0,0,0,0,0,0,0,0,0,0,1]},"gradients/main_layers.2.weight":{"values":[1,0,0,0,0,1,0,0,0,0,1,0,4,2,1,0,1,1,2,1,4,2,9,12,12,25,34,31,53,78,151,265,421,624,701,570,411,245,169,79,65,37,21,19,12,8,2,5,3,4,1,0,3,1,0,2,0,0,1,0,0,0,0,1],