{"val/physics_loss":1.926779873429041e-07,"gradients/out.bias":{"values":[1,0,0,0,0,0,0,0,0,0,0,0,0,0,0,0,0,0,0,0,0,0,0,0,0,0,0,0,1,0,0,0,0,0,0,0,0,0,0,0,0,0,0,0,0,0,0,0,0,0,0,0,0,0,0,0,0,0,0,0,0,0,0,1],"bins":[-0.00019937180331908166,-0.0001944125979207456,-0.0001894534070743248,-0.00018449420167598873,-0.00017953499627765268,-0.00017457580543123186,-0.0001696166000328958,-0.00016465739463455975,-0.0001596981892362237,-0.00015473899838980287,-0.00014977979299146682,-0.00014482058759313077,-0.00013986139674670994,-0.0001349021913483739,-0.00012994298595003784,-0.000124983795103617,-0.00012002458970528096,-0.00011506539158290252,-0.00011010618618456647,-0.00010514698806218803,-0.00010018778266385198,-9.522858454147354e-05,-9.02693864190951e-05,-8.531018102075905e-05,-8.035098289838061e-05,-7.539178477600217e-05,-7.043257937766612e-05,-6.547338125528768e-05,-6.051417949493043e-05,-5.5554977734573185e-05,-5.059577961219475e-05,-4.56365778518375e-05,-4.067738336743787e-05,-3.5718181607080624e-05,-3.075897984672338e-05,-2.579978172434494e-05,-2.0840579963987693e-05,-1.5881378203630447e-05,-1.0922178262262605e-05,-5.962977411400061e-06,-1.003776560537517e-06,3.955424290325027e-06,8.914625141187571e-06,1.3873825992050115e-05,1.883302684291266e-05,2.3792228603269905e-05,2.8751428544637747e-05,3.371062848600559e-05,3.8669830246362835e-05,4.362903200672008e-05,4.858823376707733e-05,5.3547431889455765e-05,5.850663364981301e-05,6.346583541017026e-05,6.84250335325487e-05,7.338423893088475e-05,7.834343705326319e-05,8.330263517564163e-05,8.826184057397768e-05,9.322103869635612e-05,9.818024409469217e-05,0.00010313944221707061,0.00010809864033944905,0.0001130578457377851,0.00011801704386016354],"_type":"histogram"},"val/total":87.25432586669922,"train/physics_comp_2":1.6850146167257662e-08,"val/val_comp_2":1.6700891336540735e-08,"gradients/layers.1.weight":{"_type":"histogram","values":[2,2,0,1,3,1,0,1,1,1,1,3,7,2,3,12,7,7,8,18,16,32,55,71,60,76,107,100,130,166,205,203,232,286,340,314,266,243,202,166,128,112,87,87,64,62,52,35,31,13,14,14,7,5,6,7,5,1,2,5,2,3,1,3],"bins":[-6.415051029762253e-05,-6.231057341210544e-05,-6.0470629250630736e-05,-5.863068872713484e-05,-5.679074820363894e-05,-5.4950807680143043e-05,-5.3110867156647146e-05,-5.127092663315125e-05,-4.943098610965535e-05,-4.759104558615945e-05,-4.5751105062663555e-05,-4.391116453916766e-05,-4.207122401567176e-05,-4.023128349217586e-05,-3.8391342968679965e-05,-3.655140244518407e-05,-3.471146192168817e-05,-3.287152139819227e-05,-3.1031580874696374e-05,-2.9191640351200476e-05,-2.735169982770458e-05,-2.551175930420868e-05,-2.3671818780712783e-05,-2.1831878257216886e-05,-1.9991937733720988e-05,-1.815199721022509e-05,-1.6312056686729193e-05,-1.4472116163233295e-05,-1.2632175639737397e-05,-1.07922351162415e-05,-8.952294592745602e-06,-7.1123540692497045e-06,-5.272409907775e-06,-3.432469384279102e-06,-1.5925288607832044e-06,2.474116627126932e-07,2.087352186208591e-06,3.9272927097044885e-06,5.767233233200386e-06,7.607173756696284e-06,9.447114280192181e-06,1.1287054803688079e-05,1.3126995327183977e-05,1.4966935850679874e-05,1.6806876374175772e-05,1.864681689767167e-05,2.0486757421167567e-05,2.2326697944663465e-05,2.4166638468159363e-05,2.600657899165526e-05,2.7846519515151158e-05,2.9686460038647056e-05,3.152640056214295e-05,3.336634108563885e-05,3.520628160913475e-05,3.7046222132630646e-05,3.8886162656126544e-05,4.072610317962244e-05,4.256604370311834e-05,4.440598422661424e-05,4.6245924750110134e-05,4.808586527360603e-05,4.992580579710193e-05,5.176574632059783e-05,5.3605686844093725e-05]},"_wandb":{"runtime":129},"val/val_comp_0":2.978873503423074e-08,"_runtime":129,"train/physics_comp_0":2.985540348277027e-08,"gradients/layers.1.bias":{"bins":[-7.71422783145681e-05,-7.448057294823229e-05,-7.181886758189648e-05,-6.915716949151829e-05,-6.649546412518248e-05,-6.383375875884667e-05,-6.117206066846848e-05,-5.8510355302132666e-05,-5.584864993579686e-05,-5.318694456946105e-05,-5.0525242841104046e-05,-4.786354111274704e-05,-4.5201835746411234e-05,-4.2540130380075425e-05,-3.987842865171842e-05,-3.721672692336142e-05,-3.455502155702561e-05,-3.18933161906898e-05,-2.92316144623328e-05,-2.6569910914986394e-05,-2.390820736763999e-05,-2.1246503820293583e-05,-1.8584800272947177e-05,-1.592309672560077e-05,-1.3261393178254366e-05,-1.059968963090796e-05,-7.937986083561555e-06,-5.276282536215149e-06,-2.614578988868743e-06,4.7124558477662504e-08,2.708828105824068e-06,5.370531653170474e-06,8.032242476474494e-06,1.06939460238209e-05,1.3355649571167305e-05,1.601735311851371e-05,1.8679056665860116e-05,2.1340760213206522e-05,2.4002463760552928e-05,2.6664167307899334e-05,2.932587085524574e-05,3.198757622158155e-05,3.464927794993855e-05,3.731097967829555e-05,3.997268504463136e-05,4.263439041096717e-05,4.529609213932417e-05,4.7957793867681175e-05,5.0619499234016985e-05,5.3281204600352794e-05,5.5942906328709796e-05,5.86046080570668e-05,6.126631342340261e-05,6.392801878973842e-05,6.658972415607423e-05,6.925142224645242e-05,7.191312761278823e-05,7.457483297912404e-05,7.723653106950223e-05,7.989823643583804e-05,8.255994180217385e-05,8.522164716850966e-05,8.788335253484547e-05,9.054505062522367e-05,9.320675599155948e-05],"_type":"histogram","values":[2,1,0,0,1,3,0,1,0,1,1,0,0,1,0,1,0,2,0,0,0,2,2,2,2,1,1,2,3,5,1,1,1,0,0,0,3,0,4,4,2,0,1,1,0,1,2,2,0,0,0,0,1,0,0,0,1,0,0,1,0,0,1,3]},"_step":7000,"gradients/out.weight":{"values":[1,0,0,0,0,0,0,0,0,0,0,0,0,1,0,0,0,0,2,0,0,2,1,1,2,2,1,5,3,1,7,11,8,7,12,4,13,15,11,14,7,5,10,2,6,12,5,5,4,1,3,1,1,0,0,2,1,0,0,0,0,1,1,1],"bins":[-0.00042395020136609674,-0.00041284755570814013,-0.00040174491005018353,-0.00039064226439222693,-0.0003795395896304399,-0.0003684369439724833,-0.0003573342983145267,-0.0003462316526565701,-0.0003351290069986135,-0.0003240263613406569,-0.0003129236865788698,-0.0003018210409209132,-0.0002907183952629566,-0.000279615749605,-0.0002685131039470434,-0.0002574104582890868,-0.0002463078126311302,-0.0002352051524212584,-0.00022410249221138656,-0.00021299984655342996,-0.00020189720089547336,-0.00019079454068560153,-0.00017969189502764493,-0.00016858924936968833,-0.0001574865891598165,-0.0001463839435018599,-0.0001352812978439033,-0.0001241786521859467,-0.00011307599197607487,-0.00010197334631811827,-9.087069338420406e-05,-7.976804772624746e-05,-6.866539479233325e-05,-5.756274549639784e-05,-4.646009620046243e-05,-3.5357443266548216e-05,-2.425479397061281e-05,-1.31521437651827e-05,-2.049493559752591e-06,9.053156645677518e-06,2.0155806851107627e-05,3.1258456147043034e-05,4.236110544297844e-05,5.3463758376892656e-05,6.456641131080687e-05,7.566905696876347e-05,8.677170990267769e-05,9.787435556063429e-05,0.0001089770084945485,0.00012007966142846271,0.00013118231436237693,0.00014228496002033353,0.00015338760567829013,0.00016449026588816196,0.00017559291154611856,0.00018669555720407516,0.00019779821741394699,0.00020890086307190359,0.0002200035087298602,0.0002311061543878168,0.00024220881459768862,0.00025331147480756044,0.00026441412046551704,0.00027551676612347364,0.00028661941178143024],"_type":"histogram"},"train/total":0.0002036724181380123,"train/data":4.069603164680302e-05,"_timestamp":1.7726818344855924e+09,"gradients/layers.0.weight":{"values":[2,1,1,1,0,1,0,0,2,3,2,1,2,4,0,3,2,5,2,1,0,2,3,4,7,0,3,2,4,2,4,2,5,4,1,3,5,1,5,2,6,3,4,2,3,1,1,0,3,2,1,2,0,1,0,1,0,1,2,0,0,1,1,1],