{"gradients/main_layers.0.bias":{"bins":[-0.000763780320994556,-0.0007440550834871829,-0.0007243298459798098,-0.0007046046084724367,-0.0006848793709650636,-0.0006651540752500296,-0.0006454288377426565,-0.0006257036002352834,-0.0006059783627279103,-0.0005862531252205372,-0.0005665278877131641,-0.000546802650205791,-0.000527077354490757,-0.0005073521169833839,-0.0004876268794760108,-0.0004679016419686377,-0.0004481764044612646,-0.0004284511669538915,-0.0004087259294465184,-0.00038900066283531487,-0.0003692754253279418,-0.0003495501878205687,-0.00032982492120936513,-0.00031009968370199203,-0.00029037444619461894,-0.00027064920868724585,-0.00025092397117987275,-0.0002311987045686692,-0.0002114734670612961,-0.000191748229553923,-0.0001720229774946347,-0.00015229772543534636,-0.00013257248792797327,-0.00011284724314464256,-9.312199836131185e-05,-7.339675357798114e-05,-5.3671508794650435e-05,-3.394626401131973e-05,-1.4221019227989018e-05,5.504225555341691e-06,2.52294703386724e-05,4.495471512200311e-05,6.467995990533382e-05,8.440520468866453e-05,0.00010413044947199523,0.00012385568697936833,0.00014358093903865665,0.00016330619109794497,0.00018303142860531807,0.00020275666611269116,0.0002224819181719795,0.0002422071702312678,0.0002619324077386409,0.000281657645246014,0.00030138291185721755,0.00032110814936459064,0.00034083338687196374,0.00036055862437933683,0.00038028386188670993,0.0004000091284979135,0.0004197343660052866,0.00043945960351265967,0.0004591848701238632,0.0004789101076312363,0.0004986353451386094],"_type":"histogram","values":[1,0,0,0,0,0,1,0,0,0,0,1,1,0,1,0,2,0,2,0,0,1,2,1,1,2,0,1,3,1,0,1,0,0,1,1,2,3,1,1,2,3,1,3,3,4,2,2,1,0,0,1,0,1,5,0,0,1,0,1,0,0,2,1]},"gradients/main_layers.1.weight":{"values":[1,1,0,0,1,1,2,1,3,4,6,8,7,7,10,14,11,21,21,25,28,53,52,69,72,88,116,161,187,228,342,495,512,344,239,170,149,119,92,101,65,51,32,35,27,27,22,14,17,6,7,7,5,4,2,3,1,4,1,1,1,1,1,1],"bins":[-0.0002512883220333606,-0.00024342646065633744,-0.00023556459927931428,-0.00022770273790229112,-0.00021984087652526796,-0.00021197900059632957,-0.0002041171392193064,-0.00019625527784228325,-0.0001883934164652601,-0.00018053155508823693,-0.00017266969371121377,-0.0001648078323341906,-0.00015694595640525222,-0.00014908409502822906,-0.0001412222336512059,-0.00013336037227418274,-0.00012549851089715958,-0.00011763664952013642,-0.00010977478814311326,-0.00010191291949013248,-9.405105811310932e-05,-8.618919673608616e-05,-7.832732808310539e-05,-7.046546670608222e-05,-6.260360532905906e-05,-5.4741743952035904e-05,-4.6879878937033936e-05,-3.901801392203197e-05,-3.115615254500881e-05,-2.3294289348996244e-05,-1.543242615298368e-05,-7.570562956971116e-06,2.912711352109909e-07,8.153134331223555e-06,1.601499752723612e-05,2.3876860723248683e-05,3.173872391926125e-05,3.960058529628441e-05,4.7462450311286375e-05,5.532431532628834e-05,6.31861767033115e-05,7.104803808033466e-05,7.890989945735782e-05,8.67717681103386e-05,9.463362948736176e-05,0.00010249549086438492,0.0001103573595173657,0.00011821922089438885,0.00012608108227141201,0.00013394294364843518,0.00014180480502545834,0.0001496666664024815,0.00015752852777950466,0.00016539040370844305,0.0001732522650854662,0.00018111412646248937,0.00018897598783951253,0.0001968378492165357,0.00020469971059355885,0.000212561571970582,0.0002204234478995204,0.00022828530927654356,0.00023614717065356672,0.00024400903203058988,0.00025187089340761304],"_type":"histogram"},"gradients/main_layers.1.bias":{"_type":"histogram","values":[1,0,0,1,0,0,1,0,0,1,2,0,0,2,0,0,4,0,0,0,3,2,3,2,1,0,1,3,0,2,2,0,3,3,1,4,2,1,1,1,2,2,0,0,3,3,1,2,0,1,0,0,0,1,0,1,0,0,0,0,0,0,0,1],"bins":[-0.000532706908416003,-0.000514908810146153,-0.0004971107700839639,-0.00047931267181411386,-0.00046151457354426384,-0.0004437165043782443,-0.0004259184352122247,-0.0004081203369423747,-0.00039032226777635515,-0.0003725241986103356,-0.00035472610034048557,-0.000336928031174466,-0.00031912996200844646,-0.00030133186373859644,-0.0002835337945725769,-0.00026573569630272686,-0.0002479376271367073,-0.00023013954341877252,-0.00021234145970083773,-0.00019454339053481817,-0.00017674530681688339,-0.0001589472230989486,-0.00014114915393292904,-0.00012335107021499425,-0.00010555298649705946,-8.775490277912468e-05,-6.99568263371475e-05,-5.2158746257191524e-05,-3.4360666177235544e-05,-1.6562586097279564e-05,1.2354939826764166e-06,1.9033574062632397e-05,3.6831595934927464e-05,5.4629676014883444e-05,7.242775609483942e-05,9.02258325368166e-05,0.00010802391625475138,0.00012582199997268617,0.00014362006913870573,0.00016141815285664052,0.0001792162365745753,0.0001970143202925101,0.00021481240401044488,0.00023261047317646444,0.000250408542342484,0.000268206640612334,0.00028600470977835357,0.0003038028080482036,0.00032160087721422315,0.0003393989463802427,0.0003571970446500927,0.0003749951138161123,0.0003927932120859623,0.00041059128125198185,0.0004283893504180014,0.00044618744868785143,0.000463985517853871,0.00048178358701989055,0.0004995816852897406,0.0005173797835595906,0.0005351778236217797,0.0005529759218916297,0.0005707740201614797,0.0005885720602236688,0.0006063701584935188]},"val/rmse_P_bh":0.01096363551914692,"val/mse_P_bh":0.00012019131099805236,"train/total":1.730429175950121e-05,"val/rmse_P_tb_b":0.020579732954502106,"val/mae_P_tb_b":0.010586261749267578,"gradients/main_layers.2.bias":{"values":[1,0,0,0,0,0,0,0,0,0,0,0,0,0,0,1,1,1,0,0,3,2,2,2,2,0,1,3,1,0,0,6,1,2,1,0,0,1,2,3,2,1,1,2,0,2,3,1,1,1,1,1,2,2,2,1,0,2,0,0,2,0,0,1],"bins":[-0.0005561502766795456,-0.000540544162504375,-0.0005249381065368652,-0.0005093319923616946,-0.0004937258781865239,-0.0004781197931151837,-0.0004625137080438435,-0.0004469076229725033,-0.0004313015379011631,-0.00041569542372599244,-0.00040008933865465224,-0.00038448325358331203,-0.0003688771394081414,-0.00035327105433680117,-0.00033766496926546097,-0.0003220588550902903,-0.0003064527700189501,-0.0002908466849476099,-0.00027524057077243924,-0.00025963448570109904,-0.00024402840062975883,-0.0002284223010065034,-0.00021281620138324797,-0.00019721011631190777,-0.00018160401668865234,-0.0001659979170653969,-0.0001503918319940567,-0.00013478573237080127,-0.00011917964002350345,-0.00010357354767620564,-8.79674480529502e-05,-7.236135570565239e-05,-5.675526335835457e-05,-4.114917101105675e-05,-2.5543075025780126e-05,-9.936980859492905e-06,5.669113306794316e-06,2.1275207473081537e-05,3.688130163936876e-05,5.248739762464538e-05,6.80934899719432e-05,8.369958231924102e-05,9.930567466653883e-05,0.00011491177428979427,0.0001305178739130497,0.0001461239589843899,0.00016173005860764533,0.00017733614367898554,0.00019294224330224097,0.0002085483429254964,0.0002241544279968366,0.00023976052762009203,0.00025536661269143224,0.0002709727268666029,0.0002865788119379431,0.0003021848970092833,0.00031779101118445396,0.00033339709625579417,0.00034900318132713437,0.0003646092663984746,0.00038021538057364523,0.00039582146564498544,0.00041142755071632564,0.0004270336648914963,0.0004426397499628365],"_type":"histogram"},