{"train/physics_comp_1":1.5922065585982637e-06,"train/physics":5.509210154741595e-07,"_step":7000,"train/physics_comp_0":2.7158291615592134e-08,"_runtime":109,"train/data":1.8398240797523613e-07,"gradients/layers.0.weight":{"_type":"histogram","values":[2,1,0,1,2,1,0,1,3,1,0,1,2,6,3,2,4,6,2,5,4,2,1,3,5,0,4,3,1,2,3,2,2,2,5,2,3,4,1,7,4,2,4,2,4,1,1,2,3,0,1,1,1,0,0,0,0,0,0,1,0,0,0,2],"bins":[-0.00042725828825496137,-0.0004118451615795493,-0.00039643203490413725,-0.0003810189082287252,-0.00036560578155331314,-0.0003501926548779011,-0.000334779528202489,-0.00031936640152707696,-0.0003039532748516649,-0.00028854014817625284,-0.0002731270215008408,-0.0002577138948254287,-0.00024230076815001667,-0.0002268876414746046,-0.00021147451479919255,-0.0001960613881237805,-0.00018064826144836843,-0.00016523513477295637,-0.0001498220080975443,-0.00013440888142213225,-0.0001189957547467202,-0.00010358262807130814,-8.816950139589608e-05,-7.275637472048402e-05,-5.734324804507196e-05,-4.19301213696599e-05,-2.6516994694247842e-05,-1.1103868018835783e-05,4.309258656576276e-06,1.9722385331988335e-05,3.5135512007400393e-05,5.054863868281245e-05,6.596179446205497e-05,8.137492113746703e-05,9.678804781287909e-05,0.00011220117448829114,0.0001276143011637032,0.00014302742783911526,0.00015844055451452732,0.00017385368118993938,0.00018926680786535144,0.0002046799345407635,0.00022009306121617556,0.00023550618789158762,0.0002509193145669997,0.00026633244124241173,0.0002817455679178238,0.00029715869459323585,0.0003125718212686479,0.00032798494794405997,0.000343398074619472,0.0003588112012948841,0.00037422432797029614,0.0003896374546457082,0.00040505058132112026,0.0004204637079965323,0.0004358768346719444,0.00045128996134735644,0.0004667030880227685,0.00048211621469818056,0.0004975293413735926,0.0005129424389451742,0.0005283555947244167,0.0005437687505036592,0.0005591818480752409]},"train/total":0.0001845333317760378,"_timestamp":1.7765242086364248e+09,"val/total":1.3771158456802368,"gradients/out.weight":{"_type":"histogram","values":[2,0,1,1,0,3,7,4,8,2,1,4,5,1,2,3,3,0,4,5,1,1,2,3,4,3,2,6,1,0,4,4,3,1,2,3,4,3,3,4,4,3,6,8,7,7,5,3,3,3,0,4,3,5,9,3,2,4,1,1,0,0,0,1],"bins":[-0.0010177495423704386,-0.0009865857427939773,-0.0009554220014251769,-0.0009242582018487155,-0.0008930944604799151,-0.0008619306609034538,-0.0008307668613269925,-0.0007996031199581921,-0.0007684393203817308,-0.0007372755208052695,-0.0007061117794364691,-0.0006749479798600078,-0.0006437841802835464,-0.000612620438914746,-0.0005814566393382847,-0.0005502928979694843,-0.000519129098393023,-0.00048796532792039216,-0.0004568015574477613,-0.0004256377578713,-0.0003944739873986691,-0.00036331021692603827,-0.00033214641734957695,-0.0003009826468769461,-0.00026981887640431523,-0.00023865510593168437,-0.0002074913209071383,-0.0001763275358825922,-0.00014516376540996134,-0.00011399998766137287,-8.28362099127844e-05,-5.1672432164195925e-05,-2.050877083092928e-05,1.0655006917659193e-05,4.1818784666247666e-05,7.298256241483614e-05,0.00010414634016342461,0.00013531011063605547,0.00016647389566060156,0.00019763768068514764,0.0002288014511577785,0.00025996522163040936,0.0002911289921030402,0.00032229279167950153,0.0003534565621521324,0.00038462033262476325,0.00041578413220122457,0.0004469479026738554,0.0004781116731464863,0.0005092754727229476,0.000540439214091748,0.0005716030136682093,0.0006027667550370097,0.000633930554613471,0.0006650943541899323,0.0006962580955587327,0.0007274218951351941,0.0007585856947116554,0.0007897494360804558,0.0008209132356569171,0.0008520770352333784,0.0008832407766021788,0.0009144045761786401,0.0009455683175474405,0.0009767321171239018]},"gradients/out.bias":{"_type":"histogram","values":[1,0,0,0,0,0,0,1,0,0,0,0,0,0,0,0,0,0,0,0,0,0,0,0,0,0,0,0,0,0,0,0,0,0,0,0,0,0,0,0,0,0,0,0,0,0,0,0,0,0,0,0,0,0,0,0,0,0,0,0,0,0,0,1],"bins":[-0.000653936411254108,-0.0006311775068752468,-0.0006084186607040465,-0.0005856597563251853,-0.000562900910153985,-0.0005401420057751238,-0.0005173831596039236,-0.0004946242552250624,-0.0004718654090538621,-0.0004491065046750009,-0.0004263476293999702,-0.00040358875412493944,-0.0003808298788499087,-0.000358071003574878,-0.00033531212829984725,-0.0003125532530248165,-0.0002897943777497858,-0.00026703550247475505,-0.0002442766271997243,-0.00022151775192469358,-0.00019875887664966285,-0.0001759999868227169,-0.00015324111154768616,-0.00013048223627265543,-0.0001077233609976247,-8.496448572259396e-05,-6.220561044756323e-05,-3.9446727896574885e-05,-1.6687852621544152e-05,6.071024472475983e-06,2.882990156649612e-05,5.158878047950566e-05,7.434765575453639e-05,9.710653102956712e-05,0.00011986540630459785,0.0001426242815796286,0.00016538315685465932,0.00018814204668160528,0.000210900921956636,0.00023365979723166674,0.00025641865795478225,0.00027917756233364344,0.00030193643760867417,0.0003246953128837049,0.00034745418815873563,0.00037021306343376637,0.0003929719387087971,0.00041573081398382783,0.00043848968925885856,0.0004612485645338893,0.00048400743980892,0.0005067663150839508,0.000529525219462812,0.0005522840656340122,0.0005750429700128734,0.0005978018161840737,0.0006205607205629349,0.0006433195667341352,0.0006660784711129963,0.0006888373172841966,0.0007115962216630578,0.0007343550678342581,0.0007571139722131193,0.0007798728183843195,0.0008026317227631807]},"_wandb":{"runtime":109},"gradients/layers.0.bias":{"_type":"histogram","values":[1,1,0,0,0,1,0,1,0,1,2,1,1,0,0,0,0,1,0,2,1,3,0,0,1,2,0,0,1,1,1,0,2,2,3,0,1,0,4,1,1,0,1,3,1,1,1,3,2,3,0,1,0,4,0,2,0,0,2,0,1,1,0,2],"bins":[-0.000449667451903224,-0.00043761226697824895,-0.0004255570820532739,-0.0004135018971282989,-0.00040144671220332384,-0.0003893915272783488,-0.00037733634235337377,-0.00036528115742839873,-0.0003532259725034237,-0.0003411707584746182,-0.00032911557354964316,-0.0003170603886246681,-0.0003050052036996931,-0.00029295001877471805,-0.000280894833849743,-0.00026883964892476797,-0.00025678446399979293,-0.0002447292790748179,-0.00023267409414984286,-0.00022061890922486782,-0.00020856372429989278,-0.00019650852482300252,-0.00018445333989802748,-0.00017239815497305244,-0.0001603429700480774,-0.00014828778512310237,-0.00013623260019812733,-0.0001241774152731523,-0.00011212222307221964,-0.0001000670381472446,-8.801184594631195e-05,-7.595666102133691e-05,-6.390150520019233e-05,-5.1846320275217295e-05,-3.979113171226345e-05,-2.773594496829901e-05,-1.5680758224334568e-05,-3.6255714803701267e-06,8.429615263594314e-06,2.0484802007558756e-05,3.25399887515232e-05,4.4595173676498234e-05,5.665036223945208e-05,6.870555080240592e-05,8.076073572738096e-05,9.2815920652356e-05,0.00010487111285328865,0.00011692629777826369,0.00012898148270323873,0.00014103666762821376,0.0001530918525531888,0.00016514703747816384,0.00017720222240313888,0.00018925742188002914,0.00020131260680500418,0.00021336779172997922,0.00022542297665495425,0.0002374781615799293,0.00024953336105681956,0.0002615885459817946,0.00027364373090676963,0.00028569891583174467,0.0002977541007567197,0.00030980928568169475,0.0003218644706066698]},"gradients/layers.1.bias":{"values":[1,0,0,0,0,0,0,0,0,0,0,0,2,1,0,0,0,0,0,0,0,2,0,1,1,4,3,0,0,3,1,3,2,1,1,2,4,2,0,1,0,2,2,2,1,3,2,1,1,2,2,3,1,3,0,0,0,0,0,1,1,0,0,2],