{"gradients/encoder_2.bias":{"values":[2,0,0,0,0,0,0,1,0,1,1,0,1,0,1,1,1,1,1,2,2,3,2,2,2,0,0,2,0,3,1,2,2,2,1,0,0,2,1,1,0,0,2,2,2,1,3,2,0,2,2,0,0,0,2,2,1,1,0,0,0,0,0,1],"bins":[-2.0020692348480225,-1.9405781030654907,-1.8790870904922485,-1.8175959587097168,-1.756104826927185,-1.6946138143539429,-1.6331226825714111,-1.5716315507888794,-1.5101405382156372,-1.4486494064331055,-1.3871582746505737,-1.3256672620773315,-1.2641761302947998,-1.202684998512268,-1.1411939859390259,-1.0797028541564941,-1.018211841583252,-0.9567207098007202,-0.8952295780181885,-0.8337385058403015,-0.7722474336624146,-0.7107563018798828,-0.6492652297019958,-0.5877741575241089,-0.5262830257415771,-0.4647919535636902,-0.4033008813858032,-0.34180977940559387,-0.2803186774253845,-0.21882760524749756,-0.1573365032672882,-0.09584541618824005,-0.034354329109191895,0.02713676169514656,0.08862785249948502,0.15011894702911377,0.21161003410816193,0.2731011211872101,0.33459222316741943,0.3960832953453064,0.45757439732551575,0.5190654993057251,0.5805565714836121,0.642047643661499,0.7035387754440308,0.7650298476219177,0.8265209197998047,0.8880120515823364,0.9495031237602234,1.0109941959381104,1.072485327720642,1.1339763402938843,1.195467472076416,1.2569586038589478,1.31844961643219,1.3799407482147217,1.4414318799972534,1.5029228925704956,1.5644140243530273,1.625905156135559,1.6873961687088013,1.748887300491333,1.8103784322738647,1.871869444847107,1.9333605766296387],"_type":"histogram"},"_step":7000,"gradients/layers.0.bias":{"bins":[-0.021670034155249596,-0.021143034100532532,-0.020616035908460617,-0.020089035853743553,-0.01956203579902649,-0.019035037606954575,-0.01850803755223751,-0.017981037497520447,-0.017454039305448532,-0.016927039250731468,-0.016400039196014404,-0.01587303914129734,-0.015346040949225426,-0.014819040894508362,-0.014292041771113873,-0.013765041716396809,-0.01323804259300232,-0.01271104346960783,-0.012184043414890766,-0.011657044291496277,-0.011130044236779213,-0.010603045113384724,-0.010076045989990234,-0.00954904593527317,-0.009022046811878681,-0.008495047688484192,-0.007968047633767128,-0.007441048510372639,-0.006914048921316862,-0.0063870493322610855,-0.005860050208866596,-0.00533305061981082,-0.004806051962077618,-0.004279052373021841,-0.003752053016796708,-0.003225053660571575,-0.0026980540715157986,-0.002171054482460022,-0.001644055126234889,-0.0011170556535944343,-0.0005900561809539795,-6.305670831352472e-05,0.00046394276432693005,0.0009909422369673848,0.0015179417096078396,0.002044941298663616,0.002571940654888749,0.003098940011113882,0.0036259396001696587,0.004152939189225435,0.004679938778281212,0.005206937901675701,0.005733937490731478,0.006260937079787254,0.006787936203181744,0.00731493579223752,0.007841935381293297,0.008368934504687786,0.00889593455940485,0.00942293368279934,0.009949933737516403,0.010476932860910892,0.011003931984305382,0.011530932039022446,0.012057931162416935],"_type":"histogram","values":[1,0,0,0,0,0,0,0,0,0,0,0,0,0,0,0,0,0,1,1,0,0,0,0,2,2,0,1,0,3,1,0,2,0,1,2,0,2,3,4,4,2,2,3,1,4,1,2,2,2,3,1,1,1,0,2,0,1,2,0,2,0,1,1]},"train/physics_comp_1":1.347459419775987e-05,"train/physics_comp_0":1.0508548342613722e-07,"gradients/out.bias":{"values":[1,0,0,0,0,0,0,0,0,0,0,0,0,0,0,0,0,0,0,0,0,0,0,0,0,0,0,0,0,0,0,0,0,0,0,1,0,0,0,0,0,0,0,0,0,0,0,0,0,0,0,0,0,0,0,0,0,0,0,0,0,0,0,1],"bins":[2.52069354057312,2.544133424758911,2.567573308944702,2.591013193130493,2.614453077316284,2.637892961502075,2.661332845687866,2.6847727298736572,2.7082126140594482,2.7316524982452393,2.7550923824310303,2.778532028198242,2.801971912384033,2.825411796569824,2.8488516807556152,2.8722915649414062,2.8957314491271973,2.9191713333129883,2.9426112174987793,2.9660511016845703,2.9894909858703613,3.0129308700561523,3.0363707542419434,3.0598106384277344,3.0832505226135254,3.1066904067993164,3.1301302909851074,3.1535701751708984,3.1770100593566895,3.2004499435424805,3.2238898277282715,3.2473297119140625,3.2707695960998535,3.2942092418670654,3.3176491260528564,3.3410890102386475,3.3645288944244385,3.3879687786102295,3.4114086627960205,3.4348485469818115,3.4582884311676025,3.4817283153533936,3.5051681995391846,3.5286080837249756,3.5520479679107666,3.5754878520965576,3.5989277362823486,3.6223676204681396,3.6458075046539307,3.6692473888397217,3.6926872730255127,3.7161271572113037,3.7395670413970947,3.7630069255828857,3.7864465713500977,3.8098864555358887,3.8333263397216797,3.8567662239074707,3.8802061080932617,3.9036459922790527,3.9270858764648438,3.9505257606506348,3.973965644836426,3.997405529022217,4.020845413208008],"_type":"histogram"},"gradients/layers.1.bias":{"_type":"histogram","values":[1,0,0,0,0,0,1,0,0,0,2,0,1,0,0,1,5,1,5,0,1,1,1,1,3,3,2,2,5,3,1,0,1,3,1,1,1,2,3,0,3,0,1,0,1,0,2,0,0,1,0,1,0,0,0,1,0,0,1,0,0,0,0,1],"bins":[-0.038332197815179825,-0.03699653968214989,-0.03566088154911995,-0.03432522714138031,-0.03298956900835037,-0.031653910875320435,-0.030318252742290497,-0.02898259647190571,-0.02764693833887577,-0.026311280205845833,-0.024975623935461044,-0.023639965802431107,-0.02230430766940117,-0.02096865139901638,-0.019632993265986443,-0.018297336995601654,-0.016961678862571716,-0.01562602072954178,-0.01429036445915699,-0.012954706326127052,-0.01161904912441969,-0.010283391922712326,-0.008947733789682388,-0.007612076587975025,-0.006276419386267662,-0.004940762184560299,-0.0036051045171916485,-0.0022694470826536417,-0.0009337896481156349,0.00040186778642237186,0.0017375252209603786,0.0030731826554983854,0.004408843815326691,0.005744501017034054,0.007080158684402704,0.008415816351771355,0.009751473553478718,0.011087130755186081,0.012422788888216019,0.013758446089923382,0.015094103291630745,0.016429761424660683,0.01776541769504547,0.01910107582807541,0.020436733961105347,0.021772390231490135,0.023108048364520073,0.02444370463490486,0.0257793627679348,0.027115020900964737,0.028450677171349525,0.029786335304379463,0.03112199157476425,0.03245764970779419,0.03379330784082413,0.035128965973854065,0.036464624106884,0.03780027851462364,0.03913593664765358,0.04047159478068352,0.041807252913713455,0.04314291104674339,0.04447856545448303,0.04581422358751297,0.04714988172054291]},"train/total":0.4980943500995636,"_wandb":{"runtime":99},"train/data":0.009961784817278385,"_timestamp":1.7726862307511215e+09,"gradients/out.weight":{"_type":"histogram","values":[2,0,1,0,0,3,1,2,1,2,3,3,3,3,2,4,10,5,6,4,6,5,6,1,4,9,3,3,4,5,2,7,2,7,2,6,5,8,6,1,4,5,6,4,2,3,1,4,2,2,1,2,0,1,1,0,2,0,0,1,0,1,2,1],"bins":[-0.6693776845932007,-0.6476978659629822,-0.6260180473327637,-0.6043382287025452,-0.5826584100723267,-0.5609785914421082,-0.5392987728118896,-0.5176189541816711,-0.49593913555145264,-0.4742593467235565,-0.452579528093338,-0.4308997094631195,-0.409219890832901,-0.3875400722026825,-0.365860253572464,-0.3441804349422455,-0.322500616312027,-0.30082079768180847,-0.27914097905158997,-0.25746116042137146,-0.23578134179115295,-0.21410153806209564,-0.19242171943187714,-0.17074190080165863,-0.14906208217144012,-0.12738226354122162,-0.10570244491100311,-0.0840226337313652,-0.0623428151011467,-0.04066299647092819,-0.018983181565999985,0.002696635201573372,0.02437645196914673,0.046056270599365234,0.06773608922958374,0.08941590040922165,0.11109571903944016,0.13277553021907806,0.15445534884929657,0.17613516747951508,0.19781498610973358,0.2194948047399521,0.2411746233701706,0.2628544270992279,0.2845342457294464,0.3062140643596649,0.3278938829898834,0.34957370162010193,0.37125352025032043,0.39293333888053894,0.41461315751075745,0.43629297614097595,0.45797279477119446,0.47965261340141296,0.5013324022293091,0.5230122208595276,0.5446920394897461,0.5663718581199646,0.5880516767501831,0.6097314953804016,0.6314113140106201,0.6530911326408386,0.6747709512710571,0.6964507699012756,0.7181305885314941]},