{"gradients/out.bias":{"values":[1,0,0,0,0,0,0,0,0,0,0,0,0,0,0,0,0,0,0,0,0,0,0,0,0,0,0,0,0,0,0,0,0,0,0,0,0,1,0,0,0,0,0,0,0,0,0,0,0,0,0,0,0,0,0,0,0,0,0,0,0,0,0,1],"bins":[0.6489590406417847,0.6699225902557373,0.6908861398696899,0.7118497490882874,0.73281329870224,0.7537768483161926,0.77474045753479,0.7957040071487427,0.8166675567626953,0.837631106376648,0.8585946559906006,0.879558265209198,0.9005218148231506,0.9214853644371033,0.9424489736557007,0.9634125232696533,0.984376072883606,1.0053396224975586,1.0263031721115112,1.0472667217254639,1.068230390548706,1.0891939401626587,1.1101574897766113,1.131121039390564,1.1520845890045166,1.1730481386184692,1.1940116882324219,1.2149752378463745,1.2359387874603271,1.2569024562835693,1.277866005897522,1.2988295555114746,1.3197931051254272,1.3407566547393799,1.3617202043533325,1.3826837539672852,1.4036474227905273,1.42461097240448,1.4455745220184326,1.4665380716323853,1.487501621246338,1.5084651708602905,1.5294287204742432,1.5503922700881958,1.5713558197021484,1.5923194885253906,1.6132830381393433,1.634246587753296,1.6552101373672485,1.6761736869812012,1.6971372365951538,1.7181007862091064,1.7390644550323486,1.7600280046463013,1.780991554260254,1.8019551038742065,1.8229186534881592,1.8438822031021118,1.8648457527160645,1.885809302330017,1.9067728519439697,1.927736520767212,1.9487000703811646,1.9696636199951172,1.9906271696090698],"_type":"histogram"},"train/physics_comp_2":NaN,"gradients/out.weight":{"bins":[-2.0244994163513184,-1.9675949811935425,-1.9106905460357666,-1.8537861108779907,-1.7968816757202148,-1.7399773597717285,-1.6830729246139526,-1.6261684894561768,-1.5692640542984009,-1.512359619140625,-1.4554551839828491,-1.3985507488250732,-1.341646432876587,-1.284741997718811,-1.2278375625610352,-1.1709331274032593,-1.1140286922454834,-1.0571242570877075,-1.0002198219299316,-0.9433154463768005,-0.8864110112190247,-0.8295065760612488,-0.7726022005081177,-0.7156977653503418,-0.6587933301925659,-0.60188889503479,-0.5449844598770142,-0.48808008432388306,-0.4311756491661072,-0.3742712140083313,-0.3173668086528778,-0.2604624032974243,-0.20355796813964844,-0.14665354788303375,-0.08974912762641907,-0.03284470736980438,0.024059712886810303,0.08096413314342499,0.13786855340003967,0.19477297365665436,0.25167739391326904,0.3085818290710449,0.3654862344264984,0.4223906397819519,0.4792950749397278,0.5361995100975037,0.5931038856506348,0.6500083208084106,0.7069127559661865,0.7638171911239624,0.8207216262817383,0.8776260018348694,0.9345304369926453,0.9914348721504211,1.0483392477035522,1.1052436828613281,1.162148118019104,1.2190525531768799,1.2759569883346558,1.3328614234924316,1.389765739440918,1.4466701745986938,1.5035746097564697,1.5604790449142456,1.6173834800720215],"_type":"histogram","values":[1,0,0,0,0,0,0,0,0,0,1,1,1,0,0,1,0,1,3,0,1,1,0,3,3,1,4,2,5,5,7,9,10,8,10,30,11,10,12,9,7,3,7,3,7,1,3,2,1,1,1,0,0,0,0,1,1,1,0,0,0,0,2,1]},"_step":7000,"gradients/layers.0.weight":{"bins":[-0.8175244927406311,-0.7957221865653992,-0.7739198803901672,-0.7521175742149353,-0.7303152680397034,-0.7085129618644714,-0.6867106556892395,-0.6649083495140076,-0.6431060433387756,-0.6213037371635437,-0.5995014309883118,-0.5776991248130798,-0.5558968186378479,-0.534094512462616,-0.512292206287384,-0.4904899001121521,-0.46868759393692017,-0.44688528776168823,-0.4250829815864563,-0.40328067541122437,-0.38147836923599243,-0.3596760630607605,-0.33787375688552856,-0.31607145071029663,-0.2942691445350647,-0.27246683835983276,-0.25066453218460083,-0.2288622260093689,-0.20705991983413696,-0.18525761365890503,-0.1634553074836731,-0.14165300130844116,-0.11985063552856445,-0.09804832935333252,-0.07624602317810059,-0.05444371700286865,-0.03264141082763672,-0.010839104652404785,0.010963201522827148,0.03276550769805908,0.054567813873291016,0.07637012004852295,0.09817242622375488,0.11997473239898682,0.14177703857421875,0.16357934474945068,0.18538165092468262,0.20718395709991455,0.22898626327514648,0.2507885694503784,0.27259087562561035,0.2943931818008423,0.3161954879760742,0.33799779415130615,0.3598001003265381,0.38160240650177,0.40340471267700195,0.4252070188522339,0.4470093250274658,0.46881163120269775,0.4906139373779297,0.5124162435531616,0.5342185497283936,0.5560208559036255,0.5778231620788574],"_type":"histogram","values":[2,0,0,0,0,0,1,0,0,0,1,0,2,0,4,1,1,0,0,1,4,0,0,0,1,1,1,2,2,1,2,7,4,3,7,6,2,8,10,8,6,7,5,4,3,4,0,1,1,0,1,2,0,3,1,1,2,1,1,0,2,0,0,1]},"val/total":NaN,"gradients/layers.1.bias":{"bins":[-1.658555507659912,-1.6178467273712158,-1.577138066291809,-1.5364294052124023,-1.495720624923706,-1.4550118446350098,-1.414303183555603,-1.3735945224761963,-1.3328857421875,-1.2921769618988037,-1.251468300819397,-1.2107596397399902,-1.170050859451294,-1.1293420791625977,-1.088633418083191,-1.0479247570037842,-1.007215976715088,-0.9665072560310364,-0.9257985353469849,-0.8850898146629333,-0.8443810939788818,-0.8036723732948303,-0.7629636526107788,-0.7222549319267273,-0.6815462112426758,-0.6408374905586243,-0.6001287698745728,-0.5594200491905212,-0.5187113285064697,-0.4780026078224182,-0.4372938871383667,-0.3965851664543152,-0.35587644577026367,-0.31516772508621216,-0.27445900440216064,-0.23375028371810913,-0.19304156303405762,-0.1523328423500061,-0.11162412166595459,-0.07091540098190308,-0.030206680297851562,0.010502040386199951,0.051210761070251465,0.09191948175430298,0.1326282024383545,0.173336923122406,0.21404564380645752,0.25475436449050903,0.29546308517456055,0.33617180585861206,0.3768805265426636,0.4175892472267151,0.4582979679107666,0.4990066885948181,0.5397154092788696,0.5804241299629211,0.6211328506469727,0.6618415713310242,0.7025502920150757,0.7432590126991272,0.7839677333831787,0.8246764540672302,0.8653851747512817,0.9060938954353333,0.9468026161193848],"_type":"histogram","values":[1,1,0,0,1,0,0,0,0,0,1,1,1,0,0,0,0,1,1,1,2,0,1,2,2,0,0,1,1,0,2,2,1,0,0,0,3,4,0,1,3,1,2,4,1,1,1,0,0,2,1,3,1,3,0,1,1,0,0,3,1,2,0,2]},"train/physics_comp_0":NaN,"gradients/layers.2.bias":{"_type":"histogram","values":[2,1,1,0,1,1,2,0,0,1,0,1,0,2,3,0,1,0,0,1,2,1,2,1,0,0,0,2,2,1,3,0,5,0,0,0,2,1,2,2,0,1,0,0,3,1,2,1,1,1,2,1,0,0,1,2,0,2,1,1,0,0,0,1],"bins":[-0.922930121421814,-0.8923109173774719,-0.8616917133331299,-0.8310725688934326,-0.8004533648490906,-0.7698341608047485,-0.7392149567604065,-0.7085957527160645,-0.6779766082763672,-0.6473574042320251,-0.6167382001876831,-0.5861189961433411,-0.555499792098999,-0.524880588054657,-0.49426141381263733,-0.4636422395706177,-0.43302303552627563,-0.4024038314819336,-0.37178465723991394,-0.3411654531955719,-0.31054627895355225,-0.2799270749092102,-0.24930787086486816,-0.21868868172168732,-0.18806949257850647,-0.15745030343532562,-0.12683111429214478,-0.09621191024780273,-0.06559272110462189,-0.03497352823615074,-0.004354335367679596,0.02626485750079155,0.056884050369262695,0.08750323951244354,0.11812243610620499,0.14874163269996643,0.17936082184314728,0.20998001098632812,0.24059921503067017,0.2712183892726898,0.30183759331703186,0.3324567973613739,0.36307597160339355,0.3936951756477356,0.42431437969207764,0.4549335539340973,0.48555275797843933,0.516171932220459,0.546791136264801,0.5774103403091431,0.6080295443534851,0.6386486887931824,0.6692678928375244,0.6998870968818665,0.7305063009262085,0.7611255049705505,0.7917447090148926,0.8223638534545898,0.8529830574989319,0.8836022615432739,0.914221465587616,0.944840669631958,0.9754598140716553,1.006079077720642,1.0366982221603394]},"gradients/layers.0.bias":{"_type":"histogram","values":[2,0,0,0,0,0,0,0,0,1,0,1,1,1,2,0,2,1,1,1,1,2,0,1,0,1,1,0,1,0,3,1,1,0,0,1,2,2,3,0,1,0,0,1,2,3,3,2,3,1,0,1,2,0,3,0,0,1,0,2,1,2,1,2],