{"train/physics_comp_0":4.033569567241102e-08,"gradients/layers.1.weight":{"bins":[-0.05358836054801941,-0.0516623891890049,-0.049736421555280685,-0.047810450196266174,-0.04588448256254196,-0.04395851120352745,-0.04203254356980324,-0.04010657221078873,-0.038180604577064514,-0.03625463321805,-0.03432866185903549,-0.03240269422531128,-0.030476722866296768,-0.028550753369927406,-0.026624783873558044,-0.024698814377188683,-0.02277284488081932,-0.02084687538444996,-0.018920905888080597,-0.016994936391711235,-0.015068965964019299,-0.013142996467649937,-0.011217026039958,-0.009291056543588638,-0.007365087047219276,-0.0054391175508499146,-0.0035131475888192654,-0.0015871778596192598,0.0003387918695807457,0.0022647615987807512,0.004190731327980757,0.006116701290011406,0.008042670786380768,0.00996864028275013,0.011894609779119492,0.013820580206811428,0.015746548771858215,0.017672520130872726,0.01959848962724209,0.02152445912361145,0.023450428619980812,0.025376398116350174,0.027302367612719536,0.029228337109088898,0.03115430846810341,0.03308027610182762,0.03500624746084213,0.036932215094566345,0.038858186453580856,0.04078415781259537,0.04271012544631958,0.04463609680533409,0.046562064439058304,0.048488035798072815,0.05041400343179703,0.05233997479081154,0.05426594614982605,0.05619191378355026,0.058117885142564774,0.060043852776288986,0.0619698241353035,0.06389579176902771,0.06582175940275192,0.06774773448705673,0.06967370212078094],"_type":"histogram","values":[2,0,2,0,1,0,4,1,3,4,1,4,8,13,18,21,34,35,40,55,73,95,111,149,202,297,378,593,446,293,233,187,160,107,84,82,63,44,53,47,36,26,19,13,13,6,10,6,2,2,3,5,2,1,2,3,1,0,0,0,1,0,1,1]},"gradients/encoder_1.bias":{"values":[1,1,1,1,0,0,1,0,0,2,0,3,0,1,0,0,1,1,2,3,3,0,3,3,0,3,1,0,2,2,1,1,2,0,1,2,0,3,2,0,3,2,1,2,0,1,0,2,0,3,1,0,1,0,0,0,0,0,0,0,0,0,0,1],"bins":[-0.3213611841201782,-0.307599812746048,-0.2938384413719177,-0.28007709980010986,-0.2663157284259796,-0.25255435705184937,-0.2387930005788803,-0.22503164410591125,-0.211270272731781,-0.19750890135765076,-0.1837475448846817,-0.16998618841171265,-0.1562248170375824,-0.14246344566345215,-0.1287020891904831,-0.11494072526693344,-0.10117936134338379,-0.08741799741983414,-0.07365663349628448,-0.05989526957273483,-0.04613390564918518,-0.03237254172563553,-0.018611177802085876,-0.004849813878536224,0.008911550045013428,0.02267291396856308,0.03643427789211273,0.050195641815662384,0.06395700573921204,0.07771836966276169,0.09147973358631134,0.10524109750986099,0.11900246143341064,0.1327638328075409,0.14652518928050995,0.160286545753479,0.17404791712760925,0.1878092885017395,0.20157064497470856,0.2153320014476776,0.22909337282180786,0.2428547441959381,0.25661611557006836,0.2703774571418762,0.28413882851600647,0.2979001998901367,0.3116615414619446,0.32542291283607483,0.3391842842102051,0.3529456555843353,0.3667070269584656,0.38046836853027344,0.3942297399044037,0.40799111127853394,0.4217524528503418,0.43551382422447205,0.4492751955986023,0.46303656697273254,0.4767979383468628,0.49055927991867065,0.5043206214904785,0.5180820226669312,0.531843364238739,0.5456047654151917,0.5593661069869995],"_type":"histogram"},"gradients/out.weight":{"_type":"histogram","values":[1,0,0,3,4,2,0,6,1,2,1,4,4,3,6,2,6,4,8,7,3,8,6,2,3,2,2,1,6,6,4,8,3,4,8,0,5,5,5,4,2,3,5,3,3,2,5,3,4,0,1,2,2,1,2,0,2,0,1,0,0,0,0,2],"bins":[-0.8780325651168823,-0.8468106389045715,-0.815588653087616,-0.7843667268753052,-0.7531447410583496,-0.7219228148460388,-0.6907008290290833,-0.6594789028167725,-0.6282569169998169,-0.5970349907875061,-0.5658130049705505,-0.5345910787582397,-0.5033690929412842,-0.4721471667289734,-0.4409252107143402,-0.40970325469970703,-0.37848129868507385,-0.3472593426704407,-0.3160373866558075,-0.2848154306411743,-0.25359347462654114,-0.22237153351306915,-0.19114957749843597,-0.1599276214838028,-0.12870566546916962,-0.09748370945453644,-0.06626175343990326,-0.03503980487585068,-0.0038178488612174988,0.02740410529077053,0.05862605944275856,0.08984801173210144,0.12106996774673462,0.1522919237613678,0.18351387977600098,0.21473583579063416,0.24595779180526733,0.2771797478199005,0.3084017038345337,0.33962365984916687,0.37084561586380005,0.40206754207611084,0.433289498090744,0.4645114541053772,0.4957334101200104,0.5269553661346436,0.5581773519515991,0.5893992781639099,0.6206212043762207,0.6518431901931763,0.6830651164054871,0.7142871022224426,0.7455090284347534,0.776731014251709,0.8079529404640198,0.8391749262809753,0.8703968524932861,0.9016188383102417,0.9328407645225525,0.9640627503395081,0.9952846765518188,1.0265066623687744,1.05772864818573,1.088950514793396,1.1201725006103516]},"train/data":0.000753087573684752,"gradients/encoder_2.weight":{"bins":[-1.2076915502548218,-1.1706504821777344,-1.1336092948913574,-1.09656822681427,-1.059527039527893,-1.0224859714508057,-0.9854448437690735,-0.9484037160873413,-0.9113625884056091,-0.874321460723877,-0.8372803330421448,-0.8002392053604126,-0.7631981372833252,-0.726157009601593,-0.6891158819198608,-0.6520747542381287,-0.6150336265563965,-0.5779924988746643,-0.5409513711929321,-0.5039102435112,-0.46686914563179016,-0.429828017950058,-0.3927869200706482,-0.355745792388916,-0.31870466470718384,-0.28166353702545166,-0.24462242424488068,-0.2075813114643097,-0.17054018378257751,-0.13349905610084534,-0.09645794332027435,-0.05941682308912277,-0.022375822067260742,0.014665298163890839,0.05170641839504242,0.088747538626194,0.12578865885734558,0.16282978653907776,0.19987089931964874,0.23691201210021973,0.2739531397819519,0.3109942674636841,0.34803539514541626,0.38507649302482605,0.4221176207065582,0.4591587483882904,0.4961998462677002,0.5332409739494324,0.5702821016311646,0.6073232293128967,0.6443643569946289,0.6814054846763611,0.7184466123580933,0.7554876804351807,0.7925288081169128,0.829569935798645,0.8666110634803772,0.9036521911621094,0.9406933188438416,0.9777344465255737,1.0147755146026611,1.051816701889038,1.0888577699661255,1.1258989572525024,1.1629400253295898],"_type":"histogram","values":[1,0,0,2,1,0,0,0,0,0,0,3,3,1,2,1,1,3,3,2,4,2,3,3,3,4,2,3,3,5,3,2,2,5,5,1,4,4,4,2,7,2,2,5,2,3,4,3,1,4,2,0,1,0,1,0,0,2,0,1,0,0,0,1]},"_wandb":{"runtime":162},"_timestamp":1.7726859395509808e+09,"train/total":0.03790418431162834,"gradients/layers.1.bias":{"bins":[-0.06183364614844322,-0.058612383902072906,-0.05539112538099289,-0.052169863134622574,-0.04894860088825226,-0.04572733864188194,-0.04250607639551163,-0.03928481787443161,-0.036063555628061295,-0.03284229338169098,-0.029621032997965813,-0.026399772614240646,-0.02317851036787033,-0.019957248121500015,-0.01673598773777485,-0.013514726422727108,-0.010293465107679367,-0.007072203792631626,-0.003850942477583885,-0.0006296811625361443,0.0025915801525115967,0.005812841467559338,0.009034102782607079,0.01225536409765482,0.01547662541270256,0.018697887659072876,0.021919148042798042,0.02514040842652321,0.028361670672893524,0.03158293291926384,0.034804195165634155,0.03802545368671417,0.04124671220779419,0.044467974454164505,0.04768923670053482,0.05091049522161484,0.05413175746798515,0.05735301971435547,0.060574278235435486,0.0637955442070961,0.06701680272817612,0.07023806124925613,0.07345932722091675,0.07668058574199677,0.07990184426307678,0.0831231102347374,0.08634436875581741,0.08956563472747803,0.09278689324855804,0.09600815176963806,0.09922941774129868,0.10245067626237869,0.1056719422340393,0.10889320075511932,0.11211445927619934,0.11533572524785995,0.11855698376893997,0.12177824229001999,0.1249995082616806,0.12822076678276062,0.13144202530384064,0.13466328382492065,0.13788455724716187,0.14110581576824188,0.1443270742893219],"_type":"histogram","values":[1,0,0,0,0,0,1,2,0,2,3,1,0,4,2,2,1,2,1,5,3,2,2,3,3,2,2,2,4,0,1,1,1,2,1,0,0,0,1,0,0,0,1,2,0,1,0,0,1,1,0,0,0,0,0,0,0,0,0,0,0,0,0,1]},"gradients/layers.2.bias":{"values":[1,0,0,0,0,0,0,1,1,1,2,0,2,1,1,1,1,1,2,0,1,1,1,0,0,1,1,1,2,1,0,0,1,2,3,5,3,4,2,1,1,3,3,2,0,1,1,1,0,3,0,0,0,0,1,0,0,0,0,0,0,1,0,2],