{"val/rmse_P_bh":0.02234395034611225,"_step":20000,"gradients/main_layers.0.bias":{"values":[1,0,0,0,0,0,3,0,1,0,2,0,0,1,2,1,1,0,3,0,2,2,0,2,1,1,0,1,2,3,3,1,1,2,1,0,1,2,2,1,3,1,0,2,0,0,1,0,1,0,0,1,1,4,0,1,2,1,0,1,0,1,0,1],"bins":[-0.09105198830366135,-0.08855895698070526,-0.08606592565774918,-0.08357289433479309,-0.081079863011837,-0.07858683168888092,-0.07609380036592484,-0.07360076904296875,-0.07110773772001266,-0.06861470639705658,-0.0661216750741005,-0.06362864375114441,-0.061135612428188324,-0.05864258110523224,-0.056149549782276154,-0.05365651845932007,-0.05116348713636398,-0.0486704558134079,-0.04617742449045181,-0.04368439316749573,-0.04119136184453964,-0.03869833052158356,-0.03620529919862747,-0.03371226787567139,-0.0312192365527153,-0.028726205229759216,-0.02623317390680313,-0.023740142583847046,-0.02124711126089096,-0.018754079937934875,-0.01626104861497879,-0.013768017292022705,-0.011274993419647217,-0.008781962096691132,-0.006288930773735046,-0.003795899450778961,-0.001302868127822876,0.0011901631951332092,0.0036831945180892944,0.00617622584104538,0.008669257164001465,0.01116228848695755,0.013655319809913635,0.01614835113286972,0.018641382455825806,0.02113441377878189,0.023627445101737976,0.02612047642469406,0.028613507747650146,0.03110653907060623,0.03359957039356232,0.0360926017165184,0.03858563303947449,0.04107866436243057,0.04357169568538666,0.04606472700834274,0.04855775833129883,0.05105078965425491,0.053543820977211,0.056036852300167084,0.05852988362312317,0.061022914946079254,0.06351594626903534,0.06600897759199142,0.06850200891494751],"_type":"histogram"},"_runtime":726,"val/rmse_P_tb_b":0.0274080578237772,"val/mae_P_tb_b":0.01501515693962574,"gradients/main_layers.1.weight":{"values":[1,0,0,0,0,0,1,1,1,3,2,1,3,5,6,4,7,11,14,20,21,26,45,53,69,115,171,277,501,1234,585,302,172,117,88,52,57,29,17,25,10,8,8,9,4,3,4,0,1,2,5,0,0,2,1,0,0,0,1,1,0,0,0,1],"bins":[-0.047073543071746826,-0.045482225716114044,-0.043890904635190964,-0.04229958727955818,-0.0407082661986351,-0.03911694884300232,-0.03752563148736954,-0.03593431040644646,-0.034342993050813675,-0.03275167569518089,-0.031160354614257812,-0.02956903725862503,-0.0279777180403471,-0.026386398822069168,-0.024795081466436386,-0.023203762248158455,-0.021612443029880524,-0.020021123811602592,-0.01842980459332466,-0.01683848723769188,-0.015247168019413948,-0.013655848801136017,-0.01206453051418066,-0.010473212227225304,-0.008881893008947372,-0.0072905742563307285,-0.005699255503714085,-0.004107936751097441,-0.002516617998480797,-0.0009252992458641529,0.000666019506752491,0.002257338259369135,0.0038486607372760773,0.005439979489892721,0.007031298242509365,0.008622616529464722,0.010213935747742653,0.011805254966020584,0.01339657325297594,0.014987891539931297,0.01657921075820923,0.01817052997648716,0.01976184919476509,0.021353166550397873,0.022944485768675804,0.024535804986953735,0.026127122342586517,0.02771844156086445,0.02930976077914238,0.03090107999742031,0.03249239921569824,0.034083716571331024,0.035675033926963806,0.03726635500788689,0.03885767236351967,0.04044899344444275,0.04204031080007553,0.04363162815570831,0.04522294923663139,0.046814266592264175,0.048405587673187256,0.04999690502882004,0.05158822238445282,0.0531795434653759,0.05477086082100868],"_type":"histogram"},"gradients/main_layers.0.weight":{"bins":[-0.03866864740848541,-0.037237703800201416,-0.03580676019191742,-0.03437581658363342,-0.032944872975349426,-0.03151392936706543,-0.030082987621426582,-0.028652044013142586,-0.02722110040485859,-0.025790156796574593,-0.024359213188290596,-0.0229282695800066,-0.021497327834367752,-0.020066384226083755,-0.01863544061779976,-0.017204497009515762,-0.015773553401231766,-0.01434260979294777,-0.012911666184663773,-0.01148072350770235,-0.010049779899418354,-0.008618836291134357,-0.007187893148511648,-0.005756950005888939,-0.004326006397604942,-0.0028950630221515894,-0.0014641196466982365,-3.317627124488354e-05,0.0013977671042084694,0.0028287104796618223,0.004259653855115175,0.0056905969977378845,0.007121540606021881,0.008552484214305878,0.009983427822589874,0.011414370499551296,0.012845314107835293,0.01427625771611929,0.01570720039308071,0.017138144001364708,0.018569087609648705,0.0200000312179327,0.021430974826216698,0.022861918434500694,0.02429286018013954,0.025723803788423538,0.027154747396707535,0.02858569100499153,0.030016634613275528,0.031447578221559525,0.03287852182984352,0.03430946543812752,0.035740409046411514,0.03717135265469551,0.03860229626297951,0.040033239871263504,0.0414641797542572,0.0428951233625412,0.044326066970825195,0.04575701057910919,0.04718795418739319,0.048618897795677185,0.05004984140396118,0.05148078501224518,0.052911728620529175],"_type":"histogram","values":[3,1,0,1,1,1,4,4,2,5,5,4,6,3,5,3,6,1,4,11,4,7,9,17,17,15,14,16,10,8,11,17,7,9,5,8,7,1,5,8,2,5,4,5,6,0,6,1,3,6,2,0,4,0,1,2,2,3,1,0,0,0,1,1]},"val/mae_P_bh":0.01458689384162426,"gradients/main_layers.2.bias":{"bins":[-0.07576307654380798,-0.07302683591842651,-0.07029059529304504,-0.06755436211824417,-0.0648181214928627,-0.06208188086748123,-0.05934564396739006,-0.05660940706729889,-0.05387316644191742,-0.05113692581653595,-0.04840068891644478,-0.04566445201635361,-0.04292821139097214,-0.04019197076559067,-0.037455733865499496,-0.034719496965408325,-0.031983256340026855,-0.029247017577290535,-0.026510778814554214,-0.023774540051817894,-0.021038301289081573,-0.018302062526345253,-0.015565823763608932,-0.012829585000872612,-0.010093346238136292,-0.007357107475399971,-0.0046208687126636505,-0.00188462994992733,0.0008516088128089905,0.003587847575545311,0.0063240863382816315,0.009060325101017952,0.011796556413173676,0.014532795175909996,0.017269033938646317,0.020005272701382637,0.022741511464118958,0.025477750226855278,0.0282139889895916,0.03095022775232792,0.03368646651506424,0.03642270714044571,0.03915894404053688,0.04189518094062805,0.04463142156600952,0.04736766219139099,0.05010389909148216,0.052840135991573334,0.0555763766169548,0.05831261724233627,0.061048854142427444,0.06378509104251862,0.06652133166790009,0.06925757229328156,0.07199381291866302,0.0747300460934639,0.07746628671884537,0.08020252734422684,0.08293876051902771,0.08567500114440918,0.08841124176979065,0.09114748239517212,0.09388372302055359,0.09661995619535446,0.09935619682073593],"_type":"histogram","values":[2,0,0,0,0,1,0,0,1,0,0,0,2,3,0,1,1,2,1,2,3,0,0,1,3,3,3,2,2,2,0,4,4,1,2,0,1,2,3,1,0,3,0,0,0,2,1,1,0,0,1,0,0,0,1,0,0,1,0,0,0,0,0,1]},"_timestamp":1.7765468133781025e+09,"gradients/main_layers.3.weight":{"values":[2,1,1,0,0,0,0,2,3,1,0,1,0,5,8,12,9,23,39,25,30,64,73,113,155,199,317,573,819,533,331,186,154,87,84,62,54,25,21,22,11,11,8,8,4,3,4,5,2,0,1,1,0,0,0,0,0,1,0,0,0,0,0,3],