{"_wandb":{"runtime":110},"gradients/layers.1.bias":{"_type":"histogram","values":[1,0,0,0,0,0,0,0,0,0,0,1,0,0,0,0,1,0,0,0,1,1,0,0,1,3,1,0,1,1,1,2,1,4,2,3,6,1,1,2,1,3,4,3,1,2,0,2,0,3,1,1,1,0,0,1,2,1,1,0,0,0,1,1],"bins":[-0.0010514374589547515,-0.0010226537706330419,-0.000993870198726654,-0.0009650865104049444,-0.0009363028802908957,-0.000907519250176847,-0.0008787355618551373,-0.0008499519317410886,-0.0008211683016270399,-0.0007923846715129912,-0.0007636010413989425,-0.0007348173530772328,-0.0007060337229631841,-0.0006772500928491354,-0.0006484664045274258,-0.000619682774413377,-0.0005908991442993283,-0.0005621155141852796,-0.0005333318840712309,-0.0005045481957495213,-0.00047576456563547254,-0.0004469809355214238,-0.00041819727630354464,-0.00038941361708566546,-0.00036062998697161674,-0.000331846356857568,-0.00030306269763968885,-0.0002742790384218097,-0.00024549540830776095,-0.000216711763641797,-0.00018792811897583306,-0.0001591444743098691,-0.00013036088785156608,-0.00010157724318560213,-7.279359851963818e-05,-4.400995385367423e-05,-1.5226309187710285e-05,1.3557335478253663e-05,4.234098014421761e-05,7.112462481018156e-05,9.99082694761455e-05,0.00012869191414210945,0.0001574755588080734,0.00018625920347403735,0.0002150428481400013,0.00024382649280596524,0.0002726101374719292,0.00030139379668980837,0.0003301774268038571,0.0003589610569179058,0.000387744716135785,0.00041652837535366416,0.0004453120054677129,0.0004740956355817616,0.0005028792656958103,0.00053166295401752,0.0005604465841315687,0.0005892302142456174,0.000618013902567327,0.0006467975326813757,0.0006755811627954245,0.0007043647929094732,0.0007331484230235219,0.0007619321113452315,0.0007907157414592803]},"_step":7000,"gradients/layers.1.weight":{"_type":"histogram","values":[1,0,0,0,0,1,0,2,0,0,0,1,1,3,3,4,6,11,13,10,20,22,26,30,46,67,100,162,207,264,292,331,459,496,367,268,206,187,137,98,69,48,28,23,23,12,7,11,8,5,5,2,3,3,2,1,1,1,0,2,0,0,0,1],"bins":[-0.0007819583988748491,-0.0007582502439618111,-0.000734542089048773,-0.000710833934135735,-0.0006871257210150361,-0.0006634175661019981,-0.0006397094111889601,-0.0006160012562759221,-0.000592293101362884,-0.000568584946449846,-0.0005448767333291471,-0.0005211685784161091,-0.0004974604235030711,-0.00047375226859003305,-0.00045004411367699504,-0.00042633592966012657,-0.00040262777474708855,-0.00037891961983405054,-0.00035521143581718206,-0.00033150328090414405,-0.00030779512599110603,-0.00028408694197423756,-0.00026037878706119955,-0.00023667063214816153,-0.0002129624626832083,-0.00018925429321825504,-0.00016554613830521703,-0.00014183796884026378,-0.00011812980665126815,-9.442164446227252e-05,-7.071347499731928e-05,-4.700531280832365e-05,-2.3297150619328022e-05,4.110133886570111e-07,2.4119177396642044e-05,4.782734322361648e-05,7.153550541261211e-05,9.524366760160774e-05,0.00011895183706656098,0.000142659991979599,0.00016636816144455224,0.0001900763309095055,0.0002137844858225435,0.00023749265528749675,0.00026120082475245,0.000284908979665488,0.000308617134578526,0.0003323253185953945,0.0003560334735084325,0.0003797416284214705,0.000403449812438339,0.000427157967351377,0.000450866122264415,0.0004745743062812835,0.0004982824320904911,0.00052199064521119,0.000545698800124228,0.000569406955037266,0.000593115109950304,0.000616823264863342,0.0006405314197763801,0.000664239632897079,0.000687947787810117,0.000711655942723155,0.000735364097636193]},"train/data":4.4854542124994623e-07,"gradients/out.bias":{"values":[1,0,0,0,0,0,0,0,0,0,0,0,0,0,0,0,0,0,0,0,0,0,0,0,0,0,0,0,0,0,0,0,0,0,0,0,0,0,0,0,0,0,0,0,0,0,0,0,0,0,0,0,1,0,0,0,0,0,0,0,0,0,0,1],"bins":[0.0007780794403515756,0.0007940079085528851,0.0008099363185465336,0.000825864786747843,0.0008417932549491525,0.000857721664942801,0.0008736501331441104,0.000889578543137759,0.0009055070113390684,0.0009214354795403779,0.0009373638895340264,0.0009532923577353358,0.0009692207677289844,0.0009851492941379547,0.0010010777041316032,0.0010170061141252518,0.0010329345241189003,0.0010488630505278707,0.0010647914605215192,0.0010807198705151677,0.001096648396924138,0.0011125768069177866,0.0011285052169114351,0.0011444337433204055,0.001160362153314054,0.0011762905633077025,0.001192219089716673,0.0012081474997103214,0.00122407590970397,0.0012400044361129403,0.0012559328461065888,0.0012718612561002374,0.001287789666093886,0.0013037180760875344,0.0013196466024965048,0.0013355750124901533,0.0013515034224838018,0.0013674319488927722,0.0013833603588864207,0.0013992887688800693,0.0014152172952890396,0.0014311457052826881,0.0014470741152763367,0.0014630025252699852,0.0014789310516789556,0.001494859461672604,0.0015107878716662526,0.001526716398075223,0.0015426448080688715,0.00155857321806252,0.0015745017444714904,0.001590430154465139,0.0016063585644587874,0.0016222870908677578,0.0016382155008614063,0.0016541439108550549,0.0016700723208487034,0.0016860008472576737,0.0017019292572513223,0.0017178576672449708,0.0017337861936539412,0.0017497146036475897,0.0017656430136412382,0.0017815715400502086,0.001797499950043857],"_type":"histogram"},"_runtime":110,"train/physics_comp_1":1.593453248460719e-06,"train/physics_comp_2":3.358967859412587e-08,"gradients/out.weight":{"_type":"histogram","values":[2,0,1,4,2,3,6,7,3,4,5,2,1,5,3,1,5,1,2,4,6,6,2,5,6,0,0,3,5,2,2,3,0,2,2,3,3,1,3,5,5,3,8,5,3,2,2,6,1,0,3,3,3,3,1,4,4,2,3,5,2,0,1,3],"bins":[-0.0023114036303013563,-0.002239421010017395,-0.0021674383897334337,-0.0020954557694494724,-0.002023473149165511,-0.001951490412466228,-0.0018795077921822667,-0.0018075251718983054,-0.0017355424351990223,-0.001663559814915061,-0.0015915771946310997,-0.0015195945743471384,-0.0014476119540631771,-0.0013756293337792158,-0.0013036465970799327,-0.0012316639767959714,-0.00115968135651201,-0.0010876987362280488,-0.0010157161159440875,-0.0009437334374524653,-0.0008717507589608431,-0.0007997681386768818,-0.0007277855183929205,-0.0006558028399012983,-0.000583820219617337,-0.0005118375993333757,-0.0004398549208417535,-0.0003678723005577922,-0.00029588965117000043,-0.00022390700178220868,-0.00015192436694633216,-7.994172483449802e-05,-7.95908272266388e-06,6.402355938917026e-05,0.0001360062015010044,0.00020798883633688092,0.0002799714857246727,0.00035195413511246443,0.0004239367553964257,0.0004959194338880479,0.0005679020541720092,0.0006398846744559705,0.0007118673529475927,0.000783849973231554,0.0008558325935155153,0.0009278152720071375,0.0009997979504987597,0.001071780570782721,0.0011437631910666823,0.0012157458113506436,0.001287728431634605,0.001359711168333888,0.0014316937886178493,0.0015036764089018106,0.001575659029185772,0.0016476416494697332,0.0017196242697536945,0.0017916070064529777,0.001863589626736939,0.0019355722470209002,0.0020075549837201834,0.0020795376040041447,0.002151520224288106,0.0022235028445720673,0.0022954854648560286]},"train/physics_comp_0":2.7176207950674325e-08,"_timestamp":1.7765267216114955e+09,