{"train/physics_comp_0":6.044176643626997e-06,"gradients/layers.2.bias":{"bins":[-13.376725196838379,-12.92505168914795,-12.47337818145752,-12.02170467376709,-11.57003116607666,-11.11835765838623,-10.666683197021484,-10.215009689331055,-9.763336181640625,-9.311662673950195,-8.859989166259766,-8.408315658569336,-7.956642150878906,-7.504968643188477,-7.053294658660889,-6.601621150970459,-6.149947643280029,-5.6982741355896,-5.24660062789917,-4.794926643371582,-4.343253135681152,-3.8915796279907227,-3.439906120300293,-2.988232374191284,-2.5365588665008545,-2.084885358810425,-1.633211612701416,-1.1815381050109863,-0.7298644781112671,-0.27819088101387024,0.1734827160835266,0.6251562833786011,1.0768299102783203,1.5285035371780396,1.9801771640777588,2.4318506717681885,2.8835244178771973,3.335197925567627,3.7868714332580566,4.238544940948486,4.690218925476074,5.141892433166504,5.593565940856934,6.045239448547363,6.496912956237793,6.948586463928223,7.4002604484558105,7.85193395614624,8.303607940673828,8.755281448364258,9.206954956054688,9.658628463745117,10.110301971435547,10.561975479125977,11.013648986816406,11.465322494506836,11.916996002197266,12.368669509887695,12.820343017578125,13.272017478942871,13.7236909866333,14.17536449432373,14.62703800201416,15.07871150970459,15.53038501739502],"_type":"histogram","values":[1,1,0,0,0,0,1,1,0,1,0,0,1,1,0,0,0,1,2,0,0,4,0,0,1,5,2,2,1,10,3,3,1,3,0,1,0,0,2,0,3,3,0,1,0,2,1,0,1,1,0,1,0,0,1,0,0,0,0,0,0,1,0,1]},"_wandb":{"runtime":120},"val/total":236009.765625,"_step":14000,"gradients/layers.1.bias":{"_type":"histogram","values":[1,0,0,0,1,0,0,1,0,0,1,1,1,2,0,0,1,1,0,0,1,0,0,1,2,3,1,0,1,6,2,1,4,3,2,6,5,2,0,1,0,1,3,4,0,0,1,0,1,0,0,1,1,0,0,0,0,0,0,0,0,0,0,1],"bins":[-15.822402000427246,-15.384756088256836,-14.947111129760742,-14.509465217590332,-14.071819305419922,-13.634174346923828,-13.196528434753418,-12.758883476257324,-12.321237564086914,-11.883591651916504,-11.44594669342041,-11.00830078125,-10.570655822753906,-10.133009910583496,-9.695363998413086,-9.257719039916992,-8.820073127746582,-8.382427215576172,-7.944782257080078,-7.507136344909668,-7.069490909576416,-6.631845474243164,-6.194199562072754,-5.756554126739502,-5.31890869140625,-4.881263256072998,-4.443617820739746,-4.005971908569336,-3.568326473236084,-3.130681037902832,-2.693035364151001,-2.25538969039917,-1.817744255065918,-1.3800987005233765,-0.942453145980835,-0.5048075914382935,-0.06716203689575195,0.37048351764678955,0.808129072189331,1.2457746267318726,1.683420181274414,2.121065616607666,2.558711290359497,2.996356964111328,3.43400239944458,3.871647834777832,4.309293746948242,4.746939182281494,5.184584617614746,5.622230052947998,6.05987548828125,6.49752140045166,6.935166835784912,7.372812271118164,7.810458183288574,8.248103141784668,8.685749053955078,9.123394966125488,9.561039924621582,9.998685836791992,10.436330795288086,10.873976707458496,11.311622619628906,11.749267578125,12.18691349029541]},"train/physics":0.0046683005057275295,"gradients/layers.0.bias":{"values":[1,0,0,0,0,1,0,1,0,1,0,0,0,0,1,1,1,2,1,1,3,0,3,1,1,2,3,1,0,1,1,4,1,0,3,3,1,1,3,3,5,1,2,2,0,0,0,1,1,0,2,0,1,1,0,0,1,0,0,0,0,0,0,1],"bins":[-26.103904724121094,-25.29323959350586,-24.482572555541992,-23.671907424926758,-22.861242294311523,-22.050575256347656,-21.239910125732422,-20.429244995117188,-19.618579864501953,-18.807912826538086,-17.99724769592285,-17.186582565307617,-16.37591552734375,-15.565250396728516,-14.754584312438965,-13.94391918182373,-13.13325309753418,-12.322587013244629,-11.511921882629395,-10.701255798339844,-9.89059066772461,-9.079924583435059,-8.269258499145508,-7.458592891693115,-6.647927284240723,-5.83726167678833,-5.0265960693359375,-4.215929985046387,-3.405264377593994,-2.5945987701416016,-1.7839329242706299,-0.9732671976089478,-0.16260147094726562,0.6480642557144165,1.4587299823760986,2.2693958282470703,3.080061435699463,3.8907270431518555,4.701393127441406,5.512058734893799,6.322724342346191,7.133389949798584,7.944055557250977,8.754721641540527,9.565387725830078,10.376052856445312,11.186718940734863,11.997384071350098,12.808050155639648,13.6187162399292,14.429381370544434,15.240047454833984,16.05071258544922,16.861379623413086,17.67204475402832,18.482709884643555,19.293376922607422,20.104042053222656,20.91470718383789,21.725372314453125,22.536039352416992,23.346704483032227,24.15736961364746,24.968036651611328,25.778701782226562],"_type":"histogram"},"gradients/layers.0.weight":{"_type":"histogram","values":[1,0,0,0,0,0,0,0,1,1,0,1,2,1,0,1,1,0,2,2,3,4,6,6,0,6,5,5,10,6,8,6,3,4,9,5,3,4,3,2,2,3,0,4,2,0,1,0,0,0,1,1,1,1,0,0,0,0,0,0,0,0,0,1],"bins":[-17.3100643157959,-16.736473083496094,-16.162879943847656,-15.589287757873535,-15.015695571899414,-14.442103385925293,-13.868511199951172,-13.29491901397705,-12.72132682800293,-12.147734642028809,-11.574142456054688,-11.000550270080566,-10.426958084106445,-9.853365898132324,-9.279773712158203,-8.706181526184082,-8.132589340209961,-7.55899715423584,-6.985404968261719,-6.411812782287598,-5.838220596313477,-5.2646284103393555,-4.691036224365234,-4.117444038391113,-3.543851852416992,-2.970259666442871,-2.39666748046875,-1.823075294494629,-1.2494831085205078,-0.6758909225463867,-0.10229873657226562,0.47129344940185547,1.0448856353759766,1.6184778213500977,2.1920700073242188,2.76566219329834,3.339254379272461,3.912846565246582,4.486438751220703,5.060030937194824,5.633623123168945,6.207215309143066,6.7808074951171875,7.354399681091309,7.92799186706543,8.50158405303955,9.075176239013672,9.648768424987793,10.222360610961914,10.795952796936035,11.369544982910156,11.943137168884277,12.516729354858398,13.09032154083252,13.66391372680664,14.237505912780762,14.811098098754883,15.384690284729004,15.958282470703125,16.531875610351562,17.105466842651367,17.679058074951172,18.25265121459961,18.826244354248047,19.39983558654785]},"_timestamp":1.7765275889856577e+09,"gradients/layers.1.weight":{"bins":[-6.068165302276611,-5.851785659790039,-5.635406017303467,-5.419026851654053,-5.2026472091674805,-4.986267566680908,-4.769887924194336,-4.553508281707764,-4.337128639221191,-4.120749473571777,-3.904369831085205,-3.687990188598633,-3.4716105461120605,-3.2552311420440674,-3.038851499557495,-2.822472095489502,-2.6060924530029297,-2.3897128105163574,-2.1733334064483643,-1.956953763961792,-1.7405742406845093,-1.5241947174072266,-1.3078150749206543,-1.0914355516433716,-0.8750560283660889,-0.6586765050888062,-0.44229692220687866,-0.22591736912727356,-0.009537816047668457,0.20684173703193665,0.42322129011154175,0.6396008729934692,0.8559799194335938,1.0723594427108765,1.2887389659881592,1.5051186084747314,1.7214981317520142,1.9378776550292969,2.154257297515869,2.3706367015838623,2.5870163440704346,2.803395986557007,3.019775390625,3.2361550331115723,3.4525346755981445,3.6689140796661377,3.88529372215271,4.101673126220703,4.318052768707275,4.534432411193848,4.75081205368042,4.967191219329834,5.183570861816406,5.3999505043029785,5.616330146789551,5.832709789276123,6.049089431762695,6.265468597412109,6.481848239898682,6.698227882385254,6.914607524871826,7.130987167358398,7.3473663330078125,7.563745975494385,7.780125617980957],"_type":"histogram","values":[2,1,0,0,0,1,2,2,3,3,2,4,14,9,9,16,13,19,21,18,44,55,54,91,140,237,368,784,904,442,245,171,79,64,78,32,35,26,29,14,13,5,12,7,2,4,4,1,0,1,5,1,2,2,0,1,0,1,1,0,1,0,0,2]},