{"_runtime":136,"train/physics":NaN,"gradients/layers.1.weight":{"_type":"histogram","values":[1,0,1,0,0,1,2,1,1,3,2,3,3,3,11,6,11,11,14,14,17,21,36,52,52,58,87,125,140,171,199,253,331,374,403,360,245,223,193,152,116,91,55,48,42,30,28,22,22,16,7,11,4,3,5,2,5,3,2,1,0,2,0,1],"bins":[-0.014271500520408154,-0.013851603493094444,-0.01343170553445816,-0.013011808507144451,-0.012591911479830742,-0.012172013521194458,-0.011752116493880749,-0.011332218535244465,-0.010912321507930756,-0.010492424480617046,-0.010072526521980762,-0.009652629494667053,-0.00923273153603077,-0.00881283450871706,-0.00839293748140335,-0.007973039522767067,-0.007553142495453358,-0.007133245002478361,-0.0067133475095033646,-0.006293450482189655,-0.005873552989214659,-0.005453655496239662,-0.005033758468925953,-0.004613860975950956,-0.00419396348297596,-0.003774065990000963,-0.0033541687298566103,-0.0029342714697122574,-0.002514373976737261,-0.0020944764837622643,-0.0016745792236179113,-0.0012546818470582366,-0.0008347835391759872,-0.0004148861626163125,5.011213943362236e-06,0.000424908590503037,0.0008448059670627117,0.0012647033436223865,0.0016846007201820612,0.002104497980326414,0.0025243954733014107,0.0029442929662764072,0.00336419022642076,0.003784087486565113,0.00420398497954011,0.004623882472515106,0.0050437794998288155,0.005463676992803812,0.005883574485778809,0.006303471978753805,0.006723369471728802,0.007143266499042511,0.0075631639920175076,0.007983061484992504,0.008402958512306213,0.008822856470942497,0.009242753498256207,0.009662650525569916,0.0100825484842062,0.010502445511519909,0.010922342538833618,0.011342240497469902,0.011762137524783611,0.012182035483419895,0.012601932510733604]},"val/val_comp_2":NaN,"gradients/out.bias":{"bins":[-0.09287676215171814,-0.0913611426949501,-0.08984551578760147,-0.08832989633083344,-0.0868142768740654,-0.08529864996671677,-0.08378303050994873,-0.0822674110531807,-0.08075178414583206,-0.07923616468906403,-0.07772054523229599,-0.07620491832494736,-0.07468929886817932,-0.07317367941141129,-0.07165805250406265,-0.07014243304729462,-0.06862680613994598,-0.06711118668317795,-0.06559556722640991,-0.06407994031906128,-0.06256432086229324,-0.06104870140552521,-0.05953307822346687,-0.05801745504140854,-0.0565018355846405,-0.05498621240258217,-0.053470589220523834,-0.0519549660384655,-0.050439346581697464,-0.04892372339963913,-0.047408100217580795,-0.04589248076081276,-0.044376861304044724,-0.04286123812198639,-0.04134561866521835,-0.03982999548316002,-0.038314372301101685,-0.03679875284433365,-0.035283129662275314,-0.03376750648021698,-0.032251887023448944,-0.03073626384139061,-0.029220640659332275,-0.02770501933991909,-0.026189398020505905,-0.02467377483844757,-0.023158153519034386,-0.02164253033697605,-0.020126909017562866,-0.01861128769814968,-0.017095664516091347,-0.015580043196678162,-0.014064420945942402,-0.012548798695206642,-0.011033177375793457,-0.009517555125057697,-0.008001932874321938,-0.006486310623586178,-0.004970688838511705,-0.0034550668206065893,-0.0019394448027014732,-0.00042382278479635715,0.001091799233108759,0.002607421251013875,0.004123043268918991],"_type":"histogram","values":[1,0,0,0,0,0,0,0,0,0,0,0,0,0,0,0,0,0,0,0,0,0,0,0,0,0,0,0,0,0,0,0,0,0,0,0,0,0,0,0,0,0,0,0,0,0,0,0,0,0,1,0,0,0,0,0,0,0,0,0,0,0,0,1]},"gradients/layers.2.weight":{"values":[1,0,0,0,0,0,0,0,0,0,0,2,0,1,1,0,1,2,2,1,4,3,2,2,9,8,10,10,34,120,316,793,1621,735,242,89,36,11,14,6,5,3,3,3,2,1,0,0,1,0,0,0,0,0,0,0,0,0,0,0,0,0,0,2],"bins":[-0.053443167358636856,-0.051796805113554,-0.050150446593761444,-0.04850408434867859,-0.04685772582888603,-0.04521136358380318,-0.04356500506401062,-0.041918642818927765,-0.04027228057384491,-0.03862592205405235,-0.0369795598089695,-0.03533320128917694,-0.033686839044094086,-0.03204048052430153,-0.030394118279218674,-0.028747757896780968,-0.02710139751434326,-0.025455037131905556,-0.02380867674946785,-0.022162316367030144,-0.020515955984592438,-0.018869593739509583,-0.017223233357071877,-0.01557687297463417,-0.013930512592196465,-0.012284152209758759,-0.010637791827321053,-0.008991430513560772,-0.007345070131123066,-0.00569870974868536,-0.004052348900586367,-0.002405988285318017,-0.0007596239447593689,0.0008867366705089808,0.0025330972857773304,0.004179458133876324,0.00582581851631403,0.007472178898751736,0.009118540212512016,0.010764900594949722,0.012411260977387428,0.014057621359825134,0.01570398174226284,0.017350342124700546,0.0189967043697834,0.020643064752221107,0.022289425134658813,0.02393578551709652,0.025582145899534225,0.02722850628197193,0.028874866664409637,0.030521227046847343,0.03216758742928505,0.033813949674367905,0.03546030819416046,0.03710667043924332,0.03875303268432617,0.04039939120411873,0.042045753449201584,0.04369211196899414,0.045338474214076996,0.04698483273386955,0.04863119497895241,0.050277553498744965,0.05192391574382782],"_type":"histogram"},"train/physics_comp_0":NaN,"train/physics_comp_1":NaN,"train/physics_comp_2":NaN,"gradients/layers.0.bias":{"bins":[-0.11058345437049866,-0.10768884420394897,-0.1047942265868187,-0.10189960896968842,-0.09900499880313873,-0.09611038863658905,-0.09321577101945877,-0.09032115340232849,-0.08742654323577881,-0.08453193306922913,-0.08163731545209885,-0.07874269783496857,-0.07584808766841888,-0.0729534775018692,-0.07005885988473892,-0.06716424226760864,-0.06426963210105896,-0.06137501820921898,-0.058480404317379,-0.05558579042553902,-0.052691176533699036,-0.049796562641859055,-0.046901948750019073,-0.04400733485817909,-0.04111272096633911,-0.03821810707449913,-0.03532349318265915,-0.03242887929081917,-0.029534265398979187,-0.026639651507139206,-0.023745037615299225,-0.020850423723459244,-0.01795581728219986,-0.015061203390359879,-0.012166589498519897,-0.009271975606679916,-0.006377361714839935,-0.0034827478229999542,-0.0005881339311599731,0.002306479960680008,0.005201093852519989,0.00809570774435997,0.010990321636199951,0.013884935528039932,0.016779549419879913,0.019674163311719894,0.022568777203559875,0.025463391095399857,0.028358004987239838,0.03125261887907982,0.0341472327709198,0.03704184666275978,0.03993646055459976,0.04283107444643974,0.045725688338279724,0.048620302230119705,0.051514916121959686,0.05440953001379967,0.05730414390563965,0.06019875779747963,0.06309337168931961,0.06598798930644989,0.06888259947299957,0.07177720963954926,0.07467182725667953],"_type":"histogram","values":[1,0,0,0,0,0,0,0,0,0,0,0,1,0,1,0,0,1,0,0,1,0,0,1,3,1,2,0,2,4,1,2,3,5,0,2,0,1,4,2,0,1,1,1,2,3,2,1,3,3,1,1,1,0,1,1,0,2,0,0,0,1,0,1]},"val/physics_loss":NaN,"train/data":NaN,"_step":7000,"gradients/layers.0.weight":{"values":[1,0,0,2,3,2,2,1,0,0,1,0,4,2,1,1,2,2,4,2,3,1,7,4,5,5,3,3,5,6,4,2,4,3,4,2,1,2,2,2,3,2,3,2,6,3,0,1,2,2,1,0,0,1,1,1,0,0,0,0,1,0,0,1],