{"gradients/main_layers.0.weight":{"_type":"histogram","values":[1,0,0,0,0,2,1,0,1,1,1,1,0,2,0,1,2,3,1,4,3,4,3,2,9,9,8,7,3,10,7,5,6,9,5,5,4,1,5,6,0,2,4,0,2,3,1,2,0,0,0,0,1,0,0,1,0,0,0,0,0,1,0,1],"bins":[-0.0034096897579729557,-0.0032918474171310663,-0.0031740048434585333,-0.003056162502616644,-0.002938319928944111,-0.0028204775881022215,-0.002702635247260332,-0.002584792673587799,-0.0024669503327459097,-0.0023491079919040203,-0.0022312654182314873,-0.002113423077389598,-0.0019955807365477085,-0.0018777381628751755,-0.001759895822033286,-0.0016420533647760749,-0.0015242109075188637,-0.0014063684502616525,-0.0012885259930044413,-0.0011706836521625519,-0.0010528411949053407,-0.0009349987376481295,-0.0008171563385985792,-0.0006993139395490289,-0.0005814714822918177,-0.0004636290541384369,-0.00034578662598505616,-0.0002279441978316754,-0.00011010176967829466,7.740658475086093e-06,0.00012558308662846684,0.0002434255147818476,0.00036126794293522835,0.0004791103710886091,0.0005969527992419899,0.0007147951982915401,0.0008326376555487514,0.0009504801128059626,0.001068322453647852,0.0011861649109050632,0.0013040073681622744,0.0014218498254194856,0.0015396922826766968,0.0016575346235185862,0.0017753770807757974,0.0018932195380330086,0.002011061878874898,0.002128904452547431,0.0022467467933893204,0.0023645891342312098,0.002482431707903743,0.002600274048745632,0.002718116622418165,0.0028359589632600546,0.002953801304101944,0.003071643877774477,0.0031894862186163664,0.0033073285594582558,0.003425171133130789,0.003543013473972678,0.0036608558148145676,0.0037786983884871006,0.00389654072932899,0.004014383070170879,0.004132225643843412]},"gradients/main_layers.2.weight":{"values":[1,0,1,1,0,0,0,0,1,3,2,1,2,1,1,1,5,1,5,2,4,3,5,1,3,8,16,6,14,15,17,18,29,57,69,124,166,88,68,43,25,18,14,6,7,9,5,4,5,5,1,0,3,3,3,2,1,0,2,0,2,1,1,1],"bins":[-0.004534613806754351,-0.004409550689160824,-0.00428448710590601,-0.004159423988312483,-0.004034360405057669,-0.003909297287464142,-0.0037842339370399714,-0.003659170586615801,-0.0035341072361916304,-0.00340904388576746,-0.0032839805353432894,-0.003158917184919119,-0.003033854067325592,-0.0029087907169014215,-0.002783727366477251,-0.0026586640160530806,-0.00253360066562891,-0.0024085373152047396,-0.002283473964780569,-0.0021584106143563986,-0.002033347263932228,-0.0019082840299233794,-0.0017832207959145308,-0.0016581574454903603,-0.0015330940950661898,-0.0014080307446420193,-0.0012829673942178488,-0.0011579041602090001,-0.0010328408097848296,-0.0009077774593606591,-0.0007827141671441495,-0.00065765087492764,-0.0005325875245034695,-0.00040752420318312943,-0.0002824608818627894,-0.00015739756054244936,-3.233423922210932e-05,9.272908209823072e-05,0.00021779240341857076,0.0003428557247389108,0.00046791904605925083,0.0005929823964834213,0.0007180456886999309,0.0008431089809164405,0.000968172331340611,0.0010932356817647815,0.0012182989157736301,0.0013433622661978006,0.0014684256166219711,0.0015934889670461416,0.0017185523174703121,0.0018436155514791608,0.001968679018318653,0.00209374213591218,0.0022188054863363504,0.002343868836760521,0.0024689321871846914,0.002593995537608862,0.0027190588880330324,0.002844122238457203,0.0029691853560507298,0.0030942487064749002,0.0032193120568990707,0.0033443754073232412,0.0034694387577474117],"_type":"histogram"},"gradients/output_layer.bias":{"values":[1,0,0,0,1,0,0,0,0,0,0,0,0,0,0,0,0,0,0,0,0,0,0,0,0,0,0,0,0,0,0,0,0,0,0,0,0,0,0,0,0,0,0,0,0,0,0,0,0,0,0,0,0,0,0,0,0,0,0,0,0,0,0,1],"bins":[-0.0014552123611792922,-0.001292291795834899,-0.0011293712304905057,-0.0009664506651461124,-0.0008035300998017192,-0.0006406095344573259,-0.0004776889691129327,-0.00031476840376853943,-0.00015184783842414618,1.1072726920247078e-05,0.00017399329226464033,0.0003369138576090336,0.0004998344229534268,0.0006627549882978201,0.0008256755536422133,0.0009885961189866066,0.0011515166843309999,0.001314437249675393,0.0014773578150197864,0.0016402783803641796,0.0018031989457085729,0.001966119511052966,0.002129040192812681,0.0022919606417417526,0.002454881090670824,0.002617801772430539,0.002780722454190254,0.0029436429031193256,0.003106563352048397,0.003269484033808112,0.0034324047155678272,0.0035953251644968987,0.0037582460790872574,0.003921166528016329,0.0040840869769454,0.004247007891535759,0.00440992834046483,0.004572848789393902,0.0047357697039842606,0.004898690152913332,0.005061610601842403,0.005224531050771475,0.005387451499700546,0.005550372414290905,0.005713292863219976,0.005876213312149048,0.006039134226739407,0.006202054675668478,0.0063649751245975494,0.006527895573526621,0.006690816022455692,0.006853736937046051,0.0070166573859751225,0.007179577834904194,0.007342498749494553,0.007505419198423624,0.0076683396473526955,0.007831260561943054,0.007994180545210838,0.008157101459801197,0.008320022374391556,0.00848294235765934,0.008645863272249699,0.008808783255517483,0.008971704170107841],"_type":"histogram"},"val/total":0.006313371937721968,"val/comp_P_tb_b":0.002048483584076166,"gradients/main_layers.2.bias":{"bins":[-0.0011377019109204412,-0.0010615162318572402,-0.000985330669209361,-0.000909145048353821,-0.000832959427498281,-0.00075677374843508,-0.00068058812757954,-0.000604402506724,-0.0005282168858684599,-0.0004520312650129199,-0.00037584564415737987,-0.00029965999419800937,-0.00022347437334246933,-0.0001472887524869293,-7.110311707947403e-05,5.082511052023619e-06,8.126813918352127e-05,0.0001574537600390613,0.00023363939544651657,0.00030982503085397184,0.0003860106517095119,0.0004621962725650519,0.0005383819225244224,0.0006145675433799624,0.0006907531642355025,0.0007669387850910425,0.0008431244059465826,0.0009193100268021226,0.0009954957058653235,0.0010716812685132027,0.0011478669475764036,0.0012240525102242827,0.0013002383057028055,0.0013764239847660065,0.0014526095474138856,0.0015287952264770865,0.0016049807891249657,0.0016811664681881666,0.0017573520308360457,0.0018335377098992467,0.0019097232725471258,0.0019859089516103268,0.0020620946306735277,0.0021382803097367287,0.002214465755969286,0.002290651435032487,0.002366837114095688,0.002443022793158889,0.0025192084722220898,0.002595393918454647,0.002671579597517848,0.002747765276581049,0.00282395095564425,0.002900136401876807,0.002976322080940008,0.003052507760003209,0.00312869343906641,0.003204879118129611,0.0032810645643621683,0.0033572502434253693,0.00343343592248857,0.003509621601551771,0.0035858070477843285,0.0036619927268475294,0.0037381784059107304],"_type":"histogram","values":[1,0,0,0,1,1,0,0,0,1,2,2,2,1,0,5,0,2,1,1,0,2,0,0,0,0,0,0,0,1,0,0,1,0,0,0,0,0,2,0,0,0,1,0,0,0,0,0,0,1,0,0,0,0,0,0,0,0,0,0,0,0,1,1]},