{"gradients/layers.1.weight":{"values":[1,0,0,1,0,2,3,1,2,2,4,11,2,2,14,7,10,5,22,12,20,14,21,48,41,41,64,86,99,86,125,150,139,178,256,310,278,301,286,263,200,175,149,113,109,82,70,52,49,25,34,33,19,24,7,12,14,3,8,5,1,1,2,2],"bins":[-2.8623545169830322,-2.7846763134002686,-2.706998109817505,-2.629319906234741,-2.5516417026519775,-2.473963499069214,-2.3962855339050293,-2.3186073303222656,-2.240929126739502,-2.1632509231567383,-2.0855727195739746,-2.007894515991211,-1.9302163124084473,-1.8525381088256836,-1.7748600244522095,-1.6971818208694458,-1.6195036172866821,-1.5418254137039185,-1.4641472101211548,-1.3864691257476807,-1.308790922164917,-1.2311127185821533,-1.1534345149993896,-1.075756311416626,-0.9980781674385071,-0.9203999638557434,-0.8427218198776245,-0.7650436162948608,-0.6873654127120972,-0.6096872687339783,-0.5320090651512146,-0.4543308913707733,-0.37665271759033203,-0.29897454380989075,-0.22129635512828827,-0.1436181664466858,-0.0659399926662445,0.011738188564777374,0.08941636979579926,0.16709455847740173,0.24477273225784302,0.3224509060382843,0.4001290798187256,0.47780728340148926,0.5554854869842529,0.6331636309623718,0.7108418345451355,0.7885199785232544,0.8661981821060181,0.9438763856887817,1.0215545892715454,1.0992326736450195,1.1769108772277832,1.2545890808105469,1.3322672843933105,1.4099454879760742,1.487623691558838,1.565301775932312,1.6429799795150757,1.7206581830978394,1.798336386680603,1.8760145902633667,1.9536926746368408,2.0313708782196045,2.109049081802368],"_type":"histogram"},"gradients/out.bias":{"bins":[-9.892114639282227,-9.555208206176758,-9.218300819396973,-8.881393432617188,-8.544486999511719,-8.20758056640625,-7.870673179626465,-7.533766269683838,-7.196859359741211,-6.859952449798584,-6.523045539855957,-6.18613862991333,-5.849231719970703,-5.512324810028076,-5.175417900085449,-4.838510990142822,-4.501604080200195,-4.164697170257568,-3.8277902603149414,-3.4908833503723145,-3.1539764404296875,-2.8170695304870605,-2.4801626205444336,-2.1432557106018066,-1.8063488006591797,-1.4694418907165527,-1.1325349807739258,-0.7956280708312988,-0.4587211608886719,-0.12181425094604492,0.21509265899658203,0.551999568939209,0.8889064788818359,1.225813388824463,1.5627202987670898,1.8996272087097168,2.2365341186523438,2.5734410285949707,2.9103479385375977,3.2472548484802246,3.5841617584228516,3.9210686683654785,4.2579755783081055,4.594882488250732,4.931789398193359,5.268696308135986,5.605603218078613,5.94251012802124,6.279417037963867,6.616323947906494,6.953230857849121,7.290137767791748,7.627044677734375,7.963951587677002,8.300858497619629,8.637765884399414,8.974672317504883,9.311578750610352,9.648486137390137,9.985393524169922,10.32229995727539,10.65920639038086,10.996113777160645,11.33302116394043,11.669927597045898],"_type":"histogram","values":[1,0,0,0,0,0,0,0,0,0,0,0,0,0,0,1,0,0,0,0,0,0,0,0,0,0,0,0,0,0,0,0,0,0,0,0,0,0,0,0,0,0,0,0,0,0,0,0,0,0,0,0,0,0,0,0,0,0,0,0,0,0,0,1]},"gradients/layers.0.weight":{"_type":"histogram","values":[1,0,0,0,0,0,0,1,0,0,2,2,2,0,0,4,3,2,1,2,1,2,1,2,3,6,2,2,2,6,3,5,2,2,10,2,5,4,4,3,3,6,2,3,3,2,1,3,3,2,1,0,5,1,1,1,1,0,0,0,1,1,0,1],"bins":[-6.139909267425537,-5.960472106933594,-5.781034469604492,-5.601597309112549,-5.422159671783447,-5.242722511291504,-5.063284873962402,-4.883847713470459,-4.704410552978516,-4.524972915649414,-4.345535755157471,-4.166098117828369,-3.986660957336426,-3.8072235584259033,-3.627786159515381,-3.4483487606048584,-3.268911361694336,-3.0894739627838135,-2.910036563873291,-2.7305991649627686,-2.551161766052246,-2.3717246055603027,-2.1922872066497803,-2.012849807739258,-1.8334124088287354,-1.653975009918213,-1.4745376110076904,-1.2951003313064575,-1.115662932395935,-0.9362255334854126,-0.7567881941795349,-0.5773508548736572,-0.39791345596313477,-0.2184760868549347,-0.03903871774673462,0.14039865136146545,0.3198360204696655,0.4992733895778656,0.6787107586860657,0.8581480979919434,1.0375854969024658,1.2170228958129883,1.3964602947235107,1.5758975744247437,1.7553349733352661,1.9347723722457886,2.1142096519470215,2.293647050857544,2.4730844497680664,2.652521848678589,2.8319592475891113,3.011396646499634,3.1908340454101562,3.3702712059020996,3.549708604812622,3.7291460037231445,3.908583402633667,4.0880208015441895,4.267457962036133,4.446895599365234,4.626332759857178,4.805770397186279,4.985207557678223,5.164645195007324,5.344082355499268]},"gradients/layers.0.bias":{"bins":[-6.227790355682373,-6.055904388427734,-5.8840179443359375,-5.712131977081299,-5.540245532989502,-5.368359565734863,-5.196473121643066,-5.024587154388428,-4.852700710296631,-4.680814743041992,-4.508928298950195,-4.337042331695557,-4.16515588760376,-3.993269920349121,-3.8213837146759033,-3.6494975090026855,-3.4776113033294678,-3.30572509765625,-3.1338388919830322,-2.9619526863098145,-2.7900664806365967,-2.618180274963379,-2.446294069290161,-2.2744078636169434,-2.1025218963623047,-1.9306355714797974,-1.7587493658065796,-1.5868631601333618,-1.4149770736694336,-1.2430908679962158,-1.071204662322998,-0.8993184566497803,-0.7274322509765625,-0.5555460453033447,-0.38365986943244934,-0.21177367866039276,-0.03988748788833618,0.1319987028837204,0.303884893655777,0.47577106952667236,0.6476572751998901,0.8195434808731079,0.9914296865463257,1.1633158922195435,1.3352019786834717,1.5070881843566895,1.6789743900299072,1.850860595703125,2.0227468013763428,2.1946330070495605,2.3665192127227783,2.538405418395996,2.710291624069214,2.8821778297424316,3.0540640354156494,3.225950241088867,3.397836208343506,3.5697224140167236,3.7416086196899414,3.913494825363159,4.085381031036377,4.257267475128174,4.4291534423828125,4.601039886474609,4.772925853729248],"_type":"histogram","values":[1,0,0,0,0,0,0,0,0,0,1,2,0,2,4,1,0,0,1,0,1,0,3,0,1,0,1,2,0,2,1,0,2,3,3,2,0,2,1,2,3,2,1,1,3,0,2,0,1,2,1,0,2,0,0,1,2,1,0,0,0,3,0,1]},"train/physics_comp_0":5.402441161095339e-07,"val/total":1.094462375e+06,"val/val_comp_0":5.460481702357356e-07,"_step":7000,"gradients/layers.1.bias":{"bins":[-4.3329596519470215,-4.159076690673828,-3.985194206237793,-3.8113112449645996,-3.6374285221099854,-3.463545799255371,-3.2896628379821777,-3.1157801151275635,-2.941897392272949,-2.768014669418335,-2.5941319465637207,-2.4202489852905273,-2.246366262435913,-2.072483539581299,-1.898600697517395,-1.7247178554534912,-1.550835132598877,-1.3769524097442627,-1.2030695676803589,-1.029186725616455,-0.8553040027618408,-0.6814212203025818,-0.5075384378433228,-0.3336556553840637,-0.1597728729248047,0.014109909534454346,0.18799269199371338,0.3618754744529724,0.5357582569122314,0.7096410393714905,0.8835238218307495,1.0574066638946533,1.2312889099121094,1.4051716327667236,1.5790544748306274,1.7529373168945312,1.9268200397491455,2.1007027626037598,2.274585723876953,2.4484684467315674,2.6223511695861816,2.796233892440796,2.97011661529541,3.1439995765686035,3.3178822994232178,3.491765022277832,3.6656479835510254,3.8395307064056396,4.013413429260254,4.187296390533447,4.361178874969482,4.535061836242676,4.708944320678711,4.882827281951904,5.056710243225098,5.230592727661133,5.404475688934326,5.5783586502075195,5.752241134643555,5.926124095916748,6.100007057189941,6.273889541625977,6.44777250289917,6.621654987335205,6.795537948608398],"_type":"histogram","values":[1,1,0,1,0,1,3,0,2,2,3,0,5,0,2,3,1,1,2,1,2,0,1,1,1,0,0,1,4,2,2,0,1,3,0,0,2,2,3,0,1,1,1,0,1,0,0,0,1,1,2,0,0,1,0,0,0,0,0,0,0,0,0,1]},"gradients/layers.2.weight":{"_type":"histogram","values":[1,0,1,0,2,0,1,0,1,1,2,3,3,6,9,10,7,10,13,20,27,37,25,39,40,65,84,95,121,172,278,425,556,548,418,282,175,112,99,68,65,49,49,38,22,25,14,13,16,12,6,9,3,3,6,0,3,2,0,2,1,1,0,1],