{"gradients/layers.0.weight":{"bins":[-3.2989704e+07,-3.2053656e+07,-3.1117608e+07,-3.0181562e+07,-2.9245514e+07,-2.8309466e+07,-2.7373418e+07,-2.643737e+07,-2.5501324e+07,-2.4565276e+07,-2.3629228e+07,-2.269318e+07,-2.1757132e+07,-2.0821084e+07,-1.9885038e+07,-1.894899e+07,-1.8012942e+07,-1.7076894e+07,-1.6140847e+07,-1.5204799e+07,-1.4268752e+07,-1.3332704e+07,-1.2396656e+07,-1.1460609e+07,-1.0524561e+07,-9.588513e+06,-8.652466e+06,-7.716418e+06,-6.7803705e+06,-5.844323e+06,-4.908275e+06,-3.9722275e+06,-3.036182e+06,-2.1001345e+06,-1.16408675e+06,-228039.125,708008.5,1.644056125e+06,2.58010375e+06,3.5161515e+06,4.452199e+06,5.3882465e+06,6.324294e+06,7.260342e+06,8.1963895e+06,9.132437e+06,1.0068485e+07,1.1004532e+07,1.194058e+07,1.2876628e+07,1.3812675e+07,1.4748723e+07,1.568477e+07,1.6620818e+07,1.7556866e+07,1.8492914e+07,1.942896e+07,2.0365008e+07,2.1301056e+07,2.2237104e+07,2.3173152e+07,2.41092e+07,2.5045246e+07,2.5981294e+07,2.6917342e+07],"_type":"histogram","values":[1,0,1,0,0,0,0,0,0,0,0,0,0,0,0,0,0,1,1,2,3,1,3,4,3,3,5,5,1,1,5,3,1,4,8,5,8,3,11,4,2,6,4,3,2,2,4,0,3,3,1,2,1,4,1,1,0,0,0,0,0,1,0,1]},"train/physics_comp_2":248.8856964111328,"val/total":2.727487e+07,"_wandb":{"runtime":14},"train/physics":92644.25,"val/val_comp_1":252.31134033203125,"train/physics_comp_0":4.158473968505859,"train/total":92680.71875,"val/val_comp_2":252.31134033203125,"train/data":36.467018127441406,"val/physics_loss":93927.0078125,"train/physics_comp_1":248.8856964111328,"gradients/layers.2.bias":{"_type":"histogram","values":[2,0,1,2,1,2,2,1,3,1,1,3,0,2,1,0,1,2,1,1,0,2,0,0,1,2,1,2,1,1,0,0,1,0,0,3,0,0,2,1,0,1,0,1,2,1,2,2,0,0,0,3,0,0,1,0,1,0,1,0,2,1,0,2],"bins":[-3.8711212e+07,-3.7530316e+07,-3.6349424e+07,-3.5168528e+07,-3.3987632e+07,-3.2806738e+07,-3.1625844e+07,-3.0444948e+07,-2.9264054e+07,-2.808316e+07,-2.6902264e+07,-2.572137e+07,-2.4540476e+07,-2.335958e+07,-2.2178686e+07,-2.099779e+07,-1.9816896e+07,-1.8636002e+07,-1.7455106e+07,-1.6274212e+07,-1.5093317e+07,-1.3912422e+07,-1.2731528e+07,-1.1550633e+07,-1.0369738e+07,-9.188843e+06,-8.0079485e+06,-6.827054e+06,-5.646159e+06,-4.465264e+06,-3.2843695e+06,-2.10347475e+06,-922584,258310.75,1.4392055e+06,2.62010025e+06,3.800995e+06,4.98189e+06,6.1627845e+06,7.343679e+06,8.524574e+06,9.705469e+06,1.0886364e+07,1.2067258e+07,1.3248153e+07,1.4429048e+07,1.5609942e+07,1.6790838e+07,1.7971732e+07,1.9152626e+07,2.0333522e+07,2.1514416e+07,2.2695312e+07,2.3876206e+07,2.50571e+07,2.6237996e+07,2.741889e+07,2.8599784e+07,2.978068e+07,3.0961574e+07,3.2142468e+07,3.3323364e+07,3.450426e+07,3.5685152e+07,3.6866048e+07]},"gradients/layers.0.bias":{"_type":"histogram","values":[1,0,0,0,0,0,0,0,0,0,0,0,0,0,0,0,0,1,0,2,0,2,1,2,1,2,3,2,0,1,2,2,0,2,4,2,4,1,6,2,1,2,3,1,2,0,2,1,0,2,1,1,0,2,1,1,0,0,0,0,0,0,0,1],"bins":[-3.6584572e+07,-3.5548704e+07,-3.4512836e+07,-3.3476968e+07,-3.2441102e+07,-3.1405234e+07,-3.0369366e+07,-2.9333498e+07,-2.829763e+07,-2.7261762e+07,-2.6225896e+07,-2.5190028e+07,-2.415416e+07,-2.3118292e+07,-2.2082424e+07,-2.1046556e+07,-2.0010688e+07,-1.8974822e+07,-1.7938954e+07,-1.6903086e+07,-1.5867218e+07,-1.4831351e+07,-1.3795483e+07,-1.2759615e+07,-1.1723748e+07,-1.068788e+07,-9.652012e+06,-8.616144e+06,-7.580277e+06,-6.544409e+06,-5.5085415e+06,-4.4726735e+06,-3.436806e+06,-2.40093825e+06,-1.365070625e+06,-329202.9375,706664.75,1.7425325e+06,2.7784e+06,3.81426775e+06,4.8501355e+06,5.886003e+06,6.921871e+06,7.9577385e+06,8.993606e+06,1.0029474e+07,1.1065342e+07,1.2101209e+07,1.3137077e+07,1.4172945e+07,1.5208812e+07,1.624468e+07,1.7280548e+07,1.8316416e+07,1.9352284e+07,2.038815e+07,2.1424018e+07,2.2459886e+07,2.3495754e+07,2.4531622e+07,2.556749e+07,2.6603356e+07,2.7639224e+07,2.8675092e+07,2.971096e+07]},"gradients/layers.1.weight":{"_type":"histogram","values":[1,0,0,1,1,1,1,2,0,0,1,2,1,4,4,4,9,9,10,11,15,13,23,24,37,36,42,62,81,112,137,205,411,1468,541,243,144,83,90,41,48,41,26,21,14,16,13,10,7,5,4,2,4,3,6,1,1,2,0,1,0,0,0,1],"bins":[-1.9315972e+07,-1.8741408e+07,-1.8166844e+07,-1.7592282e+07,-1.7017718e+07,-1.6443154e+07,-1.5868591e+07,-1.5294028e+07,-1.4719464e+07,-1.41449e+07,-1.3570337e+07,-1.2995774e+07,-1.242121e+07,-1.1846646e+07,-1.1272083e+07,-1.069752e+07,-1.0122956e+07,-9.548392e+06,-8.973829e+06,-8.399266e+06,-7.824702e+06,-7.2501385e+06,-6.675575e+06,-6.1010115e+06,-5.526448e+06,-4.9518845e+06,-4.377321e+06,-3.8027575e+06,-3.228194e+06,-2.6536305e+06,-2.079067e+06,-1.5045035e+06,-929940,-355376.5,219187,793750.5,1.368314e+06,1.9428775e+06,2.517441e+06,3.0920045e+06,3.666568e+06,4.2411315e+06,4.815695e+06,5.3902585e+06,5.964822e+06,6.5393855e+06,7.113949e+06,7.6885125e+06,8.263076e+06,8.83764e+06,9.412203e+06,9.986766e+06,1.056133e+07,1.1135894e+07,1.1710457e+07,1.228502e+07,1.2859584e+07,1.3434148e+07,1.4008711e+07,1.4583274e+07,1.5157838e+07,1.5732402e+07,1.6306965e+07,1.6881528e+07,1.7456092e+07]},"val/data_loss":2.7180942e+07,"gradients/out.weight":{"values":[1,0,0,0,1,0,1,0,0,1,0,0,0,0,0,0,2,0,1,0,0,2,2,1,1,0,1,6,1,1,3,10,105,17,4,4,2,2,1,1,2,3,3,4,1,1,1,1,1,0,1,1,0,0,0,0,0,0,0,0,0,1,0,1],"bins":[-5.1994548e+07,-5.0398176e+07,-4.88018e+07,-4.7205424e+07,-4.5609052e+07,-4.401268e+07,-4.2416304e+07,-4.0819928e+07,-3.9223556e+07,-3.7627184e+07,-3.6030808e+07,-3.4434432e+07,-3.283806e+07,-3.1241686e+07,-2.9645312e+07,-2.8048938e+07,-2.6452564e+07,-2.485619e+07,-2.3259816e+07,-2.1663442e+07,-2.0067068e+07,-1.8470694e+07,-1.687432e+07,-1.5277946e+07,-1.3681572e+07,-1.2085198e+07,-1.0488824e+07,-8.89245e+06,-7.296076e+06,-5.699702e+06,-4.103328e+06,-2.506954e+06,-910580,685794,2.282168e+06,3.878542e+06,5.474916e+06,7.07129e+06,8.667664e+06,1.0264038e+07,1.1860412e+07,1.3456786e+07,1.505316e+07,1.6649534e+07,1.8245908e+07,1.9842282e+07,2.1438656e+07,2.303503e+07,2.4631404e+07,2.6227778e+07,2.7824152e+07,2.9420526e+07,3.10169e+07,3.2613274e+07,3.4209648e+07,3.5806024e+07,3.7402396e+07,3.8998768e+07,4.0595144e+07,4.219152e+07,4.3787892e+07,4.5384264e+07,4.698064e+07,4.8577016e+07,5.0173388e+07],"_type":"histogram"},"_step":999,"gradients/layers.1.bias":{"bins":[-4.6237816e+07,-4.5001972e+07,-4.3766128e+07,-4.2530284e+07,-4.129444e+07,-4.00586e+07,-3.8822756e+07,-3.7586912e+07,-3.6351068e+07,-3.5115224e+07,-3.387938e+07,-3.2643538e+07,-3.1407694e+07,-3.017185e+07,-2.8936008e+07,-2.7700164e+07,-2.646432e+07,-2.5228476e+07,-2.3992632e+07,-2.275679e+07,-2.1520946e+07,-2.0285102e+07,-1.904926e+07,-1.7813416e+07,-1.6577572e+07,-1.5341728e+07,-1.4105885e+07,-1.2870042e+07,-1.1634198e+07,-1.0398354e+07,-9.162511e+06,-7.9266675e+06,-6.690828e+06,-5.4549845e+06,-4.219141e+06,-2.9832975e+06,-1.747454e+06,-511610.5,724233,1.9600765e+06,3.19592e+06,4.4317635e+06,5.667607e+06,6.9034505e+06,8.139294e+06,9.375138e+06,1.0610981e+07,1.1846824e+07,1.3082668e+07,1.4318512e+07,1.5554355e+07,1.6790198e+07,1.8026042e+07,1.9261886e+07,2.0497728e+07,2.1733572e+07,2.2969416e+07,2.420526e+07,2.5441104e+07,2.6676946e+07,2.791279e+07,2.9148634e+07,3.0384476e+07,3.162032e+07,3.2856164e+07],"_type":"histogram","values":[1,0,0,0,0,0,0,0,0,0,0,0,1,0,1,0,1,0,1,1,0,1,1,1,1,2,1,0,0,1,1,1,2,3,1,5,5,4,8,2,3,1,1,1,3,1,2,2,0,0,0,0,0,1,1,0,0,0,0,0,0,0,1,1]},"_timestamp":1.7726767087911932e+09,"gradients/out.bias":{"_type":"histogram","values":[1,0,0,0,0,0,0,0,0,0,0,0,0,0,0,0,0,0,0,0,0,0,0,0,0,0,0,0,0,0,0,0,0,0,0,0,0,0,0,0,0,0,0,0,0,0,0,0,0,0,0,0,0,0,0,0,0,0,0,0,0,1,0,1],